"Lager","Lagerplatz","Artikelnummer","Typ","Artikelbeschreibung","Chargennummer","Menge","Einheit","Listenpreis","EK-Preis","Preisfaktor","Bestandswert","BesitzerIn","Hersteller","Länge (mm)","Breite (mm)","Höhe (mm)","Aktion falls nicht vorhanden (nur Info)","Kurzbeschreibung","Langtext","Hauptkategorien A (entsprechen den Kategorien im Shop)","Veröffentlicht Status","Unterkategorien A (entsprechen den Kategorien im Shop)","Hauptkategorien B (entsprechen den Kategorien im Shop)","Unterkategorien B (entsprechen den Kategorien im Shop)"
"B-379","IDE-0004","000007","W","Maxtor DiamondMax 10 6L200PO","","6","Stck","35.00","0.00","","0.00","","Maxtor","147","102","26","","","","","","","",""
"B-379","IDE-0003","000009","W","Maxtor DiamondMax 16 4A250J0","","1","Stck","0.00","0.00","","0.00","","Maxtor","147","102","26","","","","","","","",""
"B-379","IDE-0001","000076","W","Seagate Barracuda 7200.7 - 40GB","","1","Stck","0.00","0.00","","0.00","","Seagate","14.5000","10.0000","2.5000","","","","","","","",""
"B-379","IDE-0002","000077","W","Seagate Barracuda 7200.7 - 80GB","","2","Stck","0.00","0.00","","0.00","","Seagate","14.7000","10.2000","2.6000","","","","","","","",""
"B-379","IDE-0008","000077","W","Seagate Barracuda 7200.7 - 80GB","","28","Stck","0.00","0.00","","0.00","","Seagate","14.7000","10.2000","2.6000","","","","","","","",""
"B-379","SATA-0002","000078","W","Western Digital-WD1600AAJS_07PSA0 160GB","","1","Stck","30.00","0.00","","0.00","","WesternDigital","147","102","26","","","","","","","",""
"B-379","SATA-0008","000080","W","Western Digital WD5000AAKS-60Z1A0 500GB","","1","Stck","50.00","0.00","","0.00","","WesternDigital","147","102","26","","","","","","","",""
"Lagerplatz für falsch zugewiesene, aber eingelagerte Artikel","Lagerplatz1","000105","W","Samsung ML-2510","","1","Stck","39.00","0.00","","0.00","","Samsung","299","378","227","","","","","","","",""
"B-379","IDE-0005","000172","W","Western Digital Caviar WD800LB-60DNA1","","5","Stck","0.00","0.00","","0.00","","WesternDigital","147","102","26","","","","","","","",""
"B-379","IDE-0001","000173","W","Seagate U6 ST380020A","","3","Stck","0.00","0.00","","0.00","","Seagate","150","100","30","","","","","","","",""
"B-379","IDE-0008","000173","W","Seagate U6 ST380020A","","1","Stck","0.00","0.00","","0.00","","Seagate","150","100","30","","","","","","","",""
"B-379","IDE-0009","000173","W","Seagate U6 ST380020A","","3","Stck","0.00","0.00","","0.00","","Seagate","150","100","30","","","","","","","",""
"B-379","IDE-0007","000174","W","Maxtor DiamondMax Plus 9 6Y080L0_80GB","","19","Stck","20.00","0.00","","0.00","","Maxtor","150","100","30","","","","","","","",""
"B-379","IDE-0003","000178","W","Samsung SP2514N","","4","Stck","0.00","0.00","","0.00","","Samsung","150","100","30","","","","","","","",""
"B-379","SATA-0005","000235","W","Western Digital Caviar WD400BD - 60LTA0","","1","Stck","0.00","0.00","","0.00","","WesternDigital","147","102","26.1","","","","","","","",""
"B-379","SATA-0005","000236","W","Maxtor DiamondMax 10 6V080E0","","1","Stck","0.00","0.00","","0.00","","Maxtor","147","102","26","","","","","","","",""
"B-379","IDE-0008","000238","W","Hitachi Deskstar HDS728080PLAT20 80GB","","3","Stck","0.00","0.00","","0.00","","Hitachi","147","102","26","","","","","","","",""
"B-379","IDE-0005","000239","W","Western Digital WD800BB-00CAA1 80GB","","3","Stck","0.00","0.00","","0.00","","WesternDigital","145","100","25","","","","","","","",""
"B-379","IDE-0007","000276","W","Hitachi Deskstar HDS722580VLAT20 80GB","","2","Stck","0.00","0.00","","0.00","","Hitachi","146","102","25","","","","","","","",""
"B-379","IDE-0004","000277","W","Maxtor DiamondMax Plus 9 -6Y120MO_120GB","","4","Stck","0.00","0.00","","0.00","","Maxtor","147","102","26","","","","","","","",""
"B-379","SATA-0002","000278","W","Western Digital Caviar WD3200KS-00PFB0","","1","Stck","0.00","0.00","","0.00","","WesternDigital","147","102","26","","","","","","","",""
"B-379","SATA-0007","000278","W","Western Digital Caviar WD3200KS-00PFB0","","1","Stck","0.00","0.00","","0.00","","WesternDigital","147","102","26","","","","","","","",""
"B-379","SATA-0005","000279","W","Samsung SP2004C","","1","Stck","0.00","0.00","","0.00","","Samsung","147","102","26","","","","","","","",""
"B-379","SATA-0002","000283","W","Seagate Barracuda ST3160812AS","","2","Stck","30.00","0.00","","0.00","","Seagate","147","102","25","","","","","","","",""
"B-379","IDE-0003","000286","W","Samsung SP2504C 250GB","","1","Stck","0.00","0.00","","0.00","","Samsung","147","102","26","","","","","","","",""
"B-379","SATA-0001","000286","W","Samsung SP2504C 250GB","","1","Stck","0.00","0.00","","0.00","","Samsung","147","102","26","","","","","","","",""
"B-379","SATA-0004","000288","W","Seagate_ST3250310AS 250GB","","3","Stck","38.00","0.00","","0.00","","Seagate","147","102","25","","","","","","","",""
"B-379","SATA-0005","000288","W","Seagate_ST3250310AS 250GB","","1","Stck","38.00","0.00","","0.00","","Seagate","147","102","25","","","","","","","",""
"B-379","SATA-0004","000289","W","Samsung HD322HJ, 320GB","","3","Stck","40.00","0.00","","0.00","","Samsung","147","102","26","","","","","","","",""
"B-379","SATA-0007","000289","W","Samsung HD322HJ, 320GB","","4","Stck","40.00","0.00","","0.00","","Samsung","147","102","26","","","","","","","",""
"B-379","IDE-0001","000291","W","Maxtor D740X-6L, 40GB","","1","Stck","0.00","0.00","","0.00","","Maxtor","147","102","26","","","","","","","",""
"B-379","IDE-0009","000292","W","Maxtor DiamondMax 32049H2 od. -H3","","14","Stck","0.00","0.00","","0.00","","Maxtor","150","100","30","","","","","","","",""
"B-379","IDE-0002","000294","W","Maxtor DiamondMax Plus 9_60GB","","3","Stck","0.00","0.00","","0.00","","Maxtor","147","102","26","","","","","","","",""
"B-379","IDE-0001","000295","W","IBM Deskstar IC35L060AVV207-0 P/N 13G0221,60GB","","3","Stck","0.00","0.00","","0.00","","Lenovo / IBM","146","102","24","","","","","","","",""
"B-379","IDE-0007","000299","W","SAMSUNG - SP0802N 80GB","","10","Stck","0.00","0.00","","0.00","","Samsung","147","102","26","","","","","","","",""
"B-379","IDE-0007","000304","W","Seagate U Series 7 ST380022A","","2","Stck","0.00","0.00","","0.00","","Seagate","150","100","30","","","","","","","",""
"B-379","IDE-0007","000305","W","Seagate Barracuda ATA IV ST380021A","","3","Stck","0.00","0.00","","0.00","","Seagate","150","100","30","","","","","","","",""
"B-379","IDE-0007","000306","W","Seagate Barracuda ST380023A","","1","Stck","0.00","0.00","","0.00","","Seagate","150","100","30","","","","","","","",""
"B-379","IDE-0008","000308","W","IBM Deskstar IC35L090AVV207-0","","1","Stck","0.00","0.00","","0.00","","IBM","14.7000","10.2000","2.6000","","","","","","","",""
"B-379","IDE-0004","000309","W","Hitachi Deskstar HDS722512VLAT20","","3","Stck","0.00","0.00","","0.00","","Hitachi","140","100","20","","","","","","","",""
"B-379","IDE-0004","000313","W","Seagate Barracuda 7200.7 ST3160021A","","1","Stck","0.00","0.00","","0.00","","Seagate","147","102","25","","","","","","","",""
"B-379","IDE-0004","000314","W","Hitachi Deskstar HDS721616PLAT80","","1","Stck","0.00","0.00","","0.00","","Hitachi","140","100","20","","","","","","","",""
"B-379","IDE-0004","000316","W","Hitachi Deskstar IC35L180AVV207-1","","1","Stck","0.00","0.00","","0.00","","Hitachi","140","100","20","","","","","","","",""
"B-379","IDE-0003","000317","W","Hitachi Deskstar HDS722525VLAT80","","2","Stck","0.00","0.00","","0.00","","Hitachi","140","100","20","","","","","","","",""
"B-379","IDE-0003","000318","W","Samsung HD300LD","","3","Stck","40.00","0.00","","0.00","","Samsung","147","102","26","","","","","","","",""
"B-379","SATA-0006","000319","W","Western Digital Caviar WD4000KS - 00MNB0","","1","Stck","0.00","0.00","","0.00","","WesternDigital","147","102","26","","","","","","","",""
"B-379","SATA-0006","000320","W","Seagate Barracuda 7200.8 ST3400832AS","","1","Stck","0.00","0.00","","0.00","","Seagate","147","102","26","","","","","","","",""
"B-379","SATA-0006","000323","W","Samsung HD502HJ, 500GB","","2","Stck","0.00","0.00","","0.00","","Samsung","147","102","26","","","","","","","",""
"B-379","SATA-0005","000325","W","Maxtor DiamondMax Plus 9 - 6Y160M0","","1","Stck","0.00","0.00","","0.00","","Maxtor","147","102","26","","","","","","","",""
"B-379","SATA-0007","000329","W","Western Digital WD5000ABYS - 01TNA0","","1","Stck","0.00","0.00","","0.00","","WesternDigital","150","100","30","","","","","","","",""
"B-379","IDE-0004","000336","W","Maxtor DiamondMax Plus 9 6Y160P0 160GB","","2","Stck","0.00","0.00","","0.00","","Maxtor","147","102","26","","","","","","","",""
"B-379","IDE-0003","000338","W","Maxtor DiamondMax 10 6L250R0","","3","Stck","0.00","0.00","","0.00","","Maxtor","147","102","26","","","","","","","",""
"B-379","IDE-0004","000349","W","Western Digital Caviar WD2000BB - 00GUC0","","1","Stck","0.00","0.00","","0.00","","WesternDigital","147","102","26","","","","","","","",""
"B-379","IDE-0007","000351","W","ExcelStor J880 80GB","","3","Stck","0.00","0.00","","0.00","","ExcelStor","147","102","26","","","","","","","",""
"B-379","SATA-0004","000401","W","HITACHI Deskstar HDT722525DLA380","","2","Stck","0.00","0.00","","0.00","","Hitachi","147","102","26","","","","","","","",""
"B-379","SATA-0002","000489","W","Seagate ST3250318AS 250GB","","4","Stck","0.00","0.00","","0.00","","Seagate","147","102","20","","","","","","","",""
"B-379","SATA-0004","000489","W","Seagate ST3250318AS 250GB","","4","Stck","0.00","0.00","","0.00","","Seagate","147","102","20","","","","","","","",""
"B-379","IDE-0003","000492","W","Western Digital WD2500AAJB-00J3A0","","1","Stck","0.00","0.00","","0.00","","WesternDigital","145","100","24","","","","","","","",""
"B-379","SATA-0002","000494","W","Western Digital Caviar Blue WD1600AAJS-00YZCA0","","1","Stck","0.00","0.00","","0.00","","WesternDigital","145","102","23","","","","","","","",""
"B-379","IDE-0006","000495","W","HITACHI Deskstar HDT722516DLAT80","","1","Stck","0.00","0.00","","0.00","","Hitachi","145","100","24","","","","","","","",""
"B-379","SATA-0001","000496","W","Seagate_ST3160815AS 160GB","","1","Stck","0.00","0.00","","0.00","","Seagate","145","100","20","","","","","","","",""
"B-379","SATA-0002","000496","W","Seagate_ST3160815AS 160GB","","1","Stck","0.00","0.00","","0.00","","Seagate","145","100","20","","","","","","","",""
"B-379","SATA-0005","000496","W","Seagate_ST3160815AS 160GB","","2","Stck","0.00","0.00","","0.00","","Seagate","145","100","20","","","","","","","",""
"B-379","IDE-0006","000501","W","Samsung SP1213N","","1","Stck","0.00","0.00","","0.00","","Samsung","146","102","24","","","","","","","",""
"B-379","IDE-0002","000528","W","Maxtor D740X-6L 20GB","","2","Stck","0.00","0.00","","0.00","","Maxtor","147","102","26","","","","","","","",""
"B-379","IDE-0009","000528","W","Maxtor D740X-6L 20GB","","1","Stck","0.00","0.00","","0.00","","Maxtor","147","102","26","","","","","","","",""
"B-379","IDE-0001","000529","W","Seagate ATA IV ST320011A 20GB","","1","Stck","0.00","0.00","","0.00","","Seagate","0","0","0","","","","","","","",""
"B-379","IDE-0002","000529","W","Seagate ATA IV ST320011A 20GB","","2","Stck","0.00","0.00","","0.00","","Seagate","0","0","0","","","","","","","",""
"B-379","IDE-0006","000529","W","Seagate ATA IV ST320011A 20GB","","1","Stck","0.00","0.00","","0.00","","Seagate","0","0","0","","","","","","","",""
"B-379","IDE-0003","000530","W","Maxtor MaXline Plus II_250GB","","3","Stck","0.00","0.00","","0.00","","Maxtor","0","0","0","","","","","","","",""
"B-379","IDE-0003","000531","W","ExcelStor Jupiter ESJ9250","","1","Stck","0.00","0.00","","0.00","","ExcelStor","0","0","0","","","","","","","",""
"B-379","IDE-0009","000693","W","Seagate U6","","1","Stck","0.00","0.00","","0.00","","Seagate","147","102","26","","","","","","","",""
"B-379","IDE-0009","000694","W","IBM Deskstar 40GV","","1","Stck","0.00","0.00","","0.00","","Lenovo / IBM","147","102","26","","","","","","","",""
"B-379","IDE-0009","000695","W","Quantum Fireball ST21A011_2.1GB","","1","Stck","0.00","0.00","","0.00","","Quantum","147","102","26","","","","","","","",""
"B-379","IDE-0001","000708","W","Hitachi Deskstar IC35L060AVVA07-0 P/N 07N9212 62GB","","1","Stck","0.00","0.00","","0.00","","Hitachi","146","102","24","","","","","","","",""
"B-379","SATA-0006","000905","W","Hitachi Deskstar HDS724040KLSA80","","1","Stck","0.00","0.00","","0.00","","Hitachi","147","102","27","","","","","","","",""
"Lagerplatz für falsch zugewiesene, aber eingelagerte Artikel","Lagerplatz1","000909","W","HP 530","","1","Stck","0.00","0.00","","0.00","","HP / Compaq","358.14","226.06","35.56","","","","","","","",""
"B-379","IDE-0003","000988","WH","SAMSUNG HD400LD","","3","Stck","0.00","0.00","","0.00","","Samsung","220","194","62","","","","","","","",""
"Lagerplatz für falsch zugewiesene, aber eingelagerte Artikel","Lagerplatz1","001058","W","Dell OptiPlex GX620","","3","Stck","0.00","0.00","","0.00","","","","","","","","","","","","",""
"B-379","IDE-0007","001069","W","Maxtor DiamondMax 10 6L080L0","","5","Stck","0.00","0.00","","0.00","","Maxtor","0","0","0","","","","","","","",""
"B-379","IDE-0007","001071","W","Hitachi Deskstar HDS721680PLAT80","","2","Stck","25.00","0.00","","0.00","","Hitachi","146","102","24","","","","","","","",""
"B-379","IDE-0005","001072","W","Western Digital_WD800JB-00JJC0 80GB","","1","Stck","0.00","0.00","","0.00","","WesternDigital","14.6000","10.2000","2.6000","","","","","","","",""
"B-379","IDE-0007","001072","W","Western Digital_WD800JB-00JJC0 80GB","","2","Stck","0.00","0.00","","0.00","","WesternDigital","14.6000","10.2000","2.6000","","","","","","","",""
"B-379","IDE-0005","001075","W","Western Digital Caviar WD800JB-00CRA1","","4","Stck","0.00","0.00","","0.00","","WesternDigital","147","102","26","","","","","","","",""
"B-379","SATA-0005","001078","W","WesternDigital Caviar SE WD800JD-75MSA3","","1","Stck","0.00","0.00","","0.00","","WesternDigital","146","102","25","","","","","","","",""
"B-379","IDE-0004","001083","W","Seagate Barracuda 7200.9 ST3160812A","","1","Stck","0.00","0.00","","0.00","","Seagate","0","0","0","","","","","","","",""
"B-379","IDE-0009","001089","W","Western Digital Caviar WD300AB-72BVA0","","1","Stck","0.00","0.00","","0.00","","WesternDigital","0","0","0","","","","","","","",""
"B-379","IDE-0009","001091","W","Seagate Barracuda ATA III ST320414A","","1","Stck","0.00","0.00","","0.00","","Seagate","0","0","0","","","","","","","",""
"B-379","IDE-0003","001096","W","Maxtor DiamondMax Plus 9_250GB","","1","Stck","0.00","0.00","","0.00","","Maxtor","0","0","0","","","","","","","",""
"B-379","SATA-0001","001097","W","Seagate ST3500418AS 500GB","","1","Stck","0.00","0.00","","0.00","","Seagate","146","102","21","","","","","","","",""
"B-379","SATA-0003","001097","W","Seagate ST3500418AS 500GB","","10","Stck","0.00","0.00","","0.00","","Seagate","146","102","21","","","","","","","",""
"B-379","SATA-0009","001097","W","Seagate ST3500418AS 500GB","","48","Stck","0.00","0.00","","0.00","","Seagate","146","102","21","","","","","","","",""
"B-379","IDE-0003","001098","W","Hitachi HDS721050CLA362 500GB","","1","Stck","0.00","0.00","","0.00","","Hitachi","146","101","26","","","","","","","",""
"B-379","SATA-0001","001098","W","Hitachi HDS721050CLA362 500GB","","1","Stck","0.00","0.00","","0.00","","Hitachi","146","101","26","","","","","","","",""
"B-379","SATA-0003","001098","W","Hitachi HDS721050CLA362 500GB","","30","Stck","0.00","0.00","","0.00","","Hitachi","146","101","26","","","","","","","",""
"B-379","SATA-0008","001098","W","Hitachi HDS721050CLA362 500GB","","3","Stck","0.00","0.00","","0.00","","Hitachi","146","101","26","","","","","","","",""
"B-379","SATA-0003","001099","W","Seagate_ST3500620AS 500GB","","1","Stck","0.00","0.00","","0.00","","Seagate","145","100","25","","","","","","","",""
"B-379","SATA-0008","001099","W","Seagate_ST3500620AS 500GB","","1","Stck","0.00","0.00","","0.00","","Seagate","145","100","25","","","","","","","",""
"B-379","IDE-0006","001101","W","Quantum Fireball Ict 08_8GB","","1","Stck","0.00","0.00","","0.00","","Quantum","0","0","0","","","","","","","",""
"B-379","IDE-0009","001102","W","Maxtor 2B020H1, 20GB","","30","Stck","0.00","0.00","","0.00","","Maxtor","147","102","18","","","","","","","",""
"B-379","IDE-0009","001104","W","Maxtor Fireball 3 2F020L0","","1","Stck","0.00","0.00","","0.00","","Maxtor","146","102","17.5","","","","","","","",""
"B-379","IDE-0009","001111","W","Samsung SV2042H","","1","Stck","0.00","0.00","","0.00","","Samsung","0","0","0","","","","","","","",""
"B-379","IDE-0007","001115","W","Quantum Fireball CX_10.2GB","","1","Stck","0.00","0.00","","0.00","","Quantum","0","0","0","","","","","","","",""
"B-379","IDE-0004","001116","W","Hitachi Deskstar IC35L120AVV207-0","","2","Stck","0.00","0.00","","0.00","","Hitachi","0","0","0","","","","","","","",""
"B-379","SATA-0005","001126","W","Maxtor DiamondMax 10 6L200M0, 200GB","","1","Stck","0.00","0.00","","0.00","","Maxtor","0","0","0","","","","","","","",""
"B-379","SAS-0001","001129","W","Fujitsu-Siemens Max3147RC","","1","Stck","0.00","0.00","","0.00","","Fujitsu / Fujitsu-Siemens / Siemens","0","0","0","","","","","","","",""
"B-379","SCSI-0003","001135","W","HP BD07286224","","2","Stck","0.00","0.00","","0.00","","HP / Compaq","0","0","0","","","","","","","",""
"B-379","SCSI-0003","001136","W","Maxtor Atlas 10k V","","1","Stck","0.00","0.00","","0.00","","Maxtor","0","0","0","","","","","","","",""
"B-379","SAS-0001","001142","W","Dell/Seagate Cheetah 15K.6 ST3300656SS","","1","Stck","0.00","0.00","","0.00","","Dell","120","80","25","","","","","","","",""
"B-379","SCSI-0003","001148","W","Fujitsu MAP3367NC","","2","Stck","0.00","0.00","","0.00","","Fujitsu / Fujitsu-Siemens / Siemens","0","0","0","","","","","","","",""
"B-379","SAS-0001","001150","W","Seagate Cheetah T10 ST3300555SS","","1","Stck","0.00","0.00","","0.00","","Seagate","0","0","0","","","","","","","",""
"B-379","SATA-0004","001152","W","Samsung HD251HJ","","1","Stck","0.00","0.00","","0.00","","Samsung","0","0","0","","","","","","","",""
"B-379","IDE-0004","001156","W","Maxtor DiamondMax Plus 9 6Y200P0_200GB","","1","Stck","0.00","0.00","","0.00","","Maxtor","148","0","0","","","","","","","",""
"B-379","IDE-0001","001167","W","Hitachi Deskstar HDS722516VLAT80","","3","Stck","0.00","0.00","","0.00","","Hitachi","0","0","0","","","","","","","",""
"B-379","SATA-0004","001168","W","Hitachi Deskstar HDT721025SLA380","","1","Stck","0.00","0.00","","0.00","","Hitachi","147","102","26","","","","","","","",""
"B-379","SATA-0007","001213","W","Seagate Barracuda ES ST3250620NS","","1","Stck","50.00","0.00","","0.00","","Seagate","147","102","26","","","","","","","",""
"B-379","SATA-0004","001226","W","WesternDigital WD2500AAJS-60B4A0 Caviar SE,250GB","","1","Stck","0.00","0.00","","0.00","","WesternDigital","0","0","0","","","","","","","",""
"B-379","SATA-0005","001228","W","Seagate Barracuda 7200.12 ST3160318AS","","1","Stck","0.00","0.00","","0.00","","Seagate","0","0","0","","","","","","","",""
"B-379","SATA-0002","001229","W","Samsung HD160HJ","","1","Stck","0.00","0.00","","0.00","","Samsung","145","100","25","","","","","","","",""
"B-379","IDE-0002","001241","W","WESTERN DIGITAL WD200BB-60DGAO","","1","Stck","0.00","0.00","","0.00","","WesternDigital","147","102","26","","","","","","","",""
"B-379","IDE-0002","001255","W","WESTERN DIGITAL WD200BB-60CVB0","","1","Stck","0.00","0.00","","0.00","","WesternDigital","147","102","26","","","","","","","",""
"B-379","IDE-0002","001256","W","WesternDigital WD204BB-71CAA1","","1","Stck","0.00","0.00","","0.00","","WesternDigital","0","0","0","","","","","","","",""
"B-379","IDE-0002","001257","W","WESTERN DIGITAL WD200BB-60BNA1","","3","Stck","0.00","0.00","","0.00","","WesternDigital","147","102","26","","","","","","","",""
"B-379","SATA-0005","001259","W","Seagate ST500DM002 500GB","","1","Stck","0.00","0.00","","0.00","","Seagate","147","102","25","","","","","","","",""
"B-379","SATA-0010","001259","W","Seagate ST500DM002 500GB","","36","Stck","0.00","0.00","","0.00","","Seagate","147","102","25","","","","","","","",""
"Lagerplatz für falsch zugewiesene, aber eingelagerte Artikel","Lagerplatz1","001261","W","Flachbildschirm 15 Zoll","","1","Stck","0.00","0.00","","0.00","","diverse","0","0","0","","","","","","","",""
"B-379","SATA-0005","001308","W","Samsung SpinPoint HD502IJ 500GB","","1","Stck","0.00","0.00","","0.00","","Samsung","0","0","0","","","","","","","",""
"B-379","SATA-0006","001308","W","Samsung SpinPoint HD502IJ 500GB","","2","Stck","0.00","0.00","","0.00","","Samsung","0","0","0","","","","","","","",""
"B-379","SATA-0004","001309","W","Western Digital WD2500AAKX-753CA1","","8","Stck","0.00","0.00","","0.00","","WesternDigital","0","0","0","","","","","","","",""
"B-379","SCSI-0002","001310","W","Seagate Cheetah 10k.7 ST3146707LC 148GB","","2","Stck","0.00","0.00","","0.00","","Seagate","0","0","0","","","","","","","",""
"B-379","SATA-0005","001396","W","Seagate Barracuda 7200.7 ST3160023AS","","1","Stck","0.00","0.00","","0.00","","Seagate","147","102","26","","","","","","","",""
"B-379","IDE-0009","001428","W","Maxtor DiamondMax Plus 60 5T020H2","","1","Stck","0.00","0.00","","0.00","","Maxtor","0","0","0","","","","","","","",""
"B-379","IDE-0006","001430","W","IBM DTTA-351010","","1","Stck","0.00","0.00","","0.00","","Lenovo / IBM","0","0","0","","","","","","","",""
"Lagerplatz für falsch zugewiesene, aber eingelagerte Artikel","Lagerplatz1","001497","W","IBM Thinkcentre M52 821529G","","1","Stck","0.00","0.00","","0.00","","Lenovo / IBM","365","310","90","","","","","","","",""
"B-379","SATA-0001","001499","W","Seagate ST3500413AS 500GB","","1","Stck","0.00","0.00","","0.00","","Seagate","147","102","21","","","","","","","",""
"B-379","SATA-0003","001499","W","Seagate ST3500413AS 500GB","","4","Stck","0.00","0.00","","0.00","","Seagate","147","102","21","","","","","","","",""
"B-379","SATA-0005","001499","W","Seagate ST3500413AS 500GB","","1","Stck","0.00","0.00","","0.00","","Seagate","147","102","21","","","","","","","",""
"B-379","SATA-0008","001499","W","Seagate ST3500413AS 500GB","","11","Stck","0.00","0.00","","0.00","","Seagate","147","102","21","","","","","","","",""
"B-379","SATA-0006","001502","W","Western Digital WD500AAKX-001CA0 500GB","","1","Stck","0.00","0.00","","0.00","","WesternDigital","150","105","0","","","","","","","",""
"B-379","SATA-0006","001552","W","Western DigitalWD5000AAKX-60U6AA0 500GB","","5","Stck","0.00","0.00","","0.00","","WesternDigital","145","105","25","","","","","","","",""
"B-379","SATA-0008","001553","W","Western Digital_WD5000AAKX-603CA0 500GB","","1","Stck","0.00","0.00","","0.00","","WesternDigital","145","100","25","","","","","","","",""
"B-379","SATA-0006","001691","W","Seagate ST3500641NS","","1","Stck","0.00","0.00","","0.00","","Seagate","0","0","0","","","","","","","",""
"B-379","SATA-0008","001691","W","Seagate ST3500641NS","","1","Stck","0.00","0.00","","0.00","","Seagate","0","0","0","","","","","","","",""
"B-379","SATA-0005","001692","W","Western Digital WD1600JS-23MHB0","","2","Stck","0.00","0.00","","0.00","","WesternDigital","0","0","0","","","","","","","",""
"B-379","SATA-0005","001740","W","WesternDigital Caviar SE WD800JD-75MSA2","","1","Stck","0.00","0.00","","0.00","","WesternDigital","147","102","26","","","","","","","",""
"B-379","SATA-0005","001741","W","WesternDigital Caviar SE WD800JD-60LSAD","","1","Stck","0.00","0.00","","0.00","","WesternDigital","146","102","25","","","","","","","",""
"B-379","SATA-0005","001742","W","WesternDigital Caviar SE WD800JD-55MUA1","","1","Stck","0.00","0.00","","0.00","","WesternDigital","0","0","0","","","","","","","",""
"B-379","CPU-0","001788","W","Intel Pentium 4 3.20 GHz 640 SL7Z8","","1","Stck","0.00","0.00","","0.00","","Intel","35","35","5","","","","","","","",""
"B-379","SATA-0001","001882","W","Samsung SpinPoint SP0812C 80GB","","1","Stck","0.00","0.00","","0.00","","Samsung","140","100","25","","","","","","","",""
"B-379","SATA-0003","001883","W","Western Digital WD5000AADS-00S9B0","","1","Stck","0.00","0.00","","0.00","","WesternDigital","145","102","24","","","","","","","",""
"B-379","SATA-0008","001883","W","Western Digital WD5000AADS-00S9B0","","6","Stck","0.00","0.00","","0.00","","WesternDigital","145","102","24","","","","","","","",""
"B-379","SATA-0006","001884","W","Western Digital WD5000AAKS-60YGA1","","1","Stck","0.00","0.00","","0.00","","WesternDigital","0","0","0","","","","","","","",""
"B-379","SATA-0008","001885","W","Seagate_ST3500630AS 500GB","","2","Stck","0.00","0.00","","0.00","","Seagate","150","105","0.0","","","","","","","",""
"B-379","IDE-0001","001888","W","Seagate Barracuda 7200.7 ST3200822A","","1","Stck","0.00","0.00","","0.00","","Seagate","0","0","0","","","","","","","",""
"B-379","SATA-0005","001889","W","Western Digital WD800JD-00HKA0","","1","Stck","0.00","0.00","","0.00","","WesternDigital","147","102","26","","","","","","","",""
"B-379","IDE-0008","001891","W","Maxtor 98196H8","","2","Stck","0.00","0.00","","0.00","","Maxtor","0","0","0","","","","","","","",""
"B-379","SATA-0001","002035","W","Western Digital WD5000AAKS-60A7B2 500GB","","1","Stck","0.00","0.00","","0.00","","WesternDigital","147","102","26","","","","","","","",""
"B-379","SATA-0008","002036","W","Hitachi HDS721050CLA662 500GB","","4","Stck","0.00","0.00","","0.00","","Hitachi","146","101","26","","","","","","","",""
"B-379","IDE-0008","002037","W","IBM Deskstar IC35L080AVVA07-0","","2","Stck","0.00","0.00","","0.00","","Lenovo / IBM","147","102","26","","","","","","","",""
"B-379","IDE-0004","002038","W","Western Digital WD1600AVJB-63J5A0_160GB","","1","Stck","0.00","0.00","","0.00","","WesternDigital","0","0","0","","","","","","","",""
"B-379","IDE-0008","002038","W","Western Digital WD1600AVJB-63J5A0_160GB","","1","Stck","0.00","0.00","","0.00","","WesternDigital","0","0","0","","","","","","","",""
"B-379","IDE-0008","002039","W","Maxtor DiamondMax Plus 9_120GB","","4","Stck","0.00","0.00","","0.00","","Maxtor","146","102","26","","","","","","","",""
"B-379","SATA-0002","002401","W","Western Digital WD1600JS-55NCB1","","1","Stck","0.00","0.00","","0.00","","WesternDigital","0","0","0","","","","","","","",""
"B-379","SATA-0002","002402","W","Western Digital Caviar WD1600AAJS-08WAA0","","1","Stck","0.00","0.00","","0.00","","WesternDigital","147","102","26","","","","","","","",""
"B-379","SATA-0005","002406","W","Maxtor DiamondMax 10 6B160M0","","1","Stck","0.00","0.00","","0.00","","Maxtor","147","102","26","","","","","","","",""
"B-379","SATA-0001","002470","W","Western Digital Blue WD500AAKX-76UAA0","","1","Stck","0.00","0.00","","0.00","","WesternDigital","147","102","26","","","","","","","",""
"B-379","SATA-0010","002470","W","Western Digital Blue WD500AAKX-76UAA0","","18","Stck","0.00","0.00","","0.00","","WesternDigital","147","102","26","","","","","","","",""
"B-379","SATA-0008","002688","W","Western Digital Caviar Blue WD5000AAKS-007AA0","","2","Stck","0.00","0.00","","0.00","","WesternDigital","147","102","26","","","","","","","",""
"B-379","SATA-0007","002699","W","Western Digital Caviar SE WD3200AAJS-41VWA1","","4","Stck","0.00","0.00","","0.00","","WesternDigital","146","102","26","","","","","","","",""
"B-379","SCSI-0001","002718","W","IBM DORS-32160_2.1GB","","1","Stck","0.00","0.00","","0.00","","Lenovo / IBM","190","120","25","","","","","","","",""
"B-379","SATA-0008","002725","W","Samsung HD501J","","4","Stck","0.00","0.00","","0.00","","Samsung","146","100","25","","","","","","","",""
"B-379","SATA-0006","002726","W","Western Digital Caviar Blue WD5000AAKS-007AB0","","1","Stck","0.00","0.00","","0.00","","WesternDigital","147","102","26","","","","","","","",""
"B-379","SATA-0006","002728","W","Western Digital Caviar SE WD5000AAKX-00YGA0","","1","Stck","0.00","0.00","","0.00","","WesternDigital","147","102","26","","","","","","","",""
"B-379","SATA-0005","002729","W","Dell WD5003ABYX-18WERA0","","1","Stck","0.00","0.00","","0.00","","Dell","145","101","25","","","","","","","",""
"B-379","SATA-0008","002737","W","Seagate Barracuda ES ST3500630NS","","2","Stck","0.00","0.00","","0.00","","Seagate","0","0","0","","","","","","","",""
"B-379","SATA-0006","002774","W","Hitachi Deskstar HDP725050GLA360 500GB","","1","Stck","0.00","0.00","","0.00","","Hitachi","146","101","26","","","","","","","",""
"B-379","SATA-0009","002774","W","Hitachi Deskstar HDP725050GLA360 500GB","","7","Stck","0.00","0.00","","0.00","","Hitachi","146","101","26","","","","","","","",""
"B-379","SATA-0002","002779","W","Samsung HD161HJ/D","","1","Stck","0.00","0.00","","0.00","","Samsung","145","102","0","","","","","","","",""
"B-379","SATA-0002","002787","W","Samsung SP1614C","","1","Stck","0.00","0.00","","0.00","","Samsung","0","0","0","","","","","","","",""
"B-379","SATA-0001","002794","W","Seagate Barracuda 7200.7 ST3160828AS","","1","Stck","0.00","0.00","","0.00","","Seagate","146","101.5","26","","","","","","","",""
"B-379","SATA-0005","002794","W","Seagate Barracuda 7200.7 ST3160828AS","","1","Stck","0.00","0.00","","0.00","","Seagate","146","101.5","26","","","","","","","",""
"B-379","SATA-0001","002802","W","Western Digital Caviar WD1600AAJS-75B4A0","","1","Stck","0.00","0.00","","0.00","","WesternDigital","146","101.5","26","","","","","","","",""
"B-379","SATA-0005","002802","W","Western Digital Caviar WD1600AAJS-75B4A0","","1","Stck","0.00","0.00","","0.00","","WesternDigital","146","101.5","26","","","","","","","",""
"B-379","SATA-0002","002911","W","Western Digital WD1600JS-00NCB1","","1","Stck","0.00","0.00","","0.00","","WesternDigital","146","101.5","26","","","","","","","",""
"B-379","SCSI-0003","003002","W","IBM Ultrastar 2ES DCAS-34330 09J1035","","1","Stck","0.00","0.00","","0.00","","Lenovo / IBM","147","102","26","","","","","","","",""
"B-379","SATA-0008","003014","W","Samsung Spinpoint HD503HI","","13","Stck","0.00","0.00","","0.00","","Samsung","145","102","26","","","","","","","",""
"B-379","SATA-0006","003581","W","WD WD5000AAKX - 75U6AA0 500GB","","1","Stck","0.00","0.00","","0.00","","WesternDigital","150","105","0","","","","","","","",""
"Lagerplatz für falsch zugewiesene, aber eingelagerte Artikel","Lagerplatz1","003583","W","HP DLT VS160-Bandlaufwerk","","1","Stck","0.00","0.00","","0.00","","HP / Compaq","260","140","35","","","","","","","",""
"B-379","SATA-0008","004159","W","WD HHD-500GB-64MB cache-WD5000AZRX","","1","Stck","0.00","0.00","","0.00","","WesternDigital","0","0","0","","","","","","","",""
"Lagerplatz für falsch zugewiesene, aber eingelagerte Artikel","Lagerplatz1","004162","W","Toshiba Satellite L500D","","1","Stck","0.00","0.00","","0.00","","Toshiba","430","384","34","","","","","","","",""
"Lagerplatz für falsch zugewiesene, aber eingelagerte Artikel","Lagerplatz1","004164","W","HP Omen","","4","Stck","0.00","0.00","","0.00","","HP / Compaq","253","382","24.5","","","","","","","",""
"B-379","IDE-0006","004165","W","Quantum Fireball EX","","1","Stck","0.00","0.00","","0.00","","Quantum","14.5000","10.2000","2.4000","","","","","","","",""
"B-379","IDE-0008","004165","W","Quantum Fireball EX","","1","Stck","0.00","0.00","","0.00","","Quantum","14.5000","10.2000","2.4000","","","","","","","",""
"B-379","SATA-0009","004166","W","Seagate Constellation ES","","1","Stck","0.00","0.00","","0.00","","Seagate","146","102","26","","","","","","","",""
"B-379","IDE-0004","004167","W","Western Digital Caviar SE WD2000JB-00GVA0","","1","Stck","0.00","0.00","","0.00","","WesternDigital","147","102","26","","","","","","","",""
"B-379","IDE-0004","004168","W","Seagate Barracuda ATA V _ST3120023A_120GB","","1","Stck","0.00","0.00","","0.00","","Seagate","146","102","24","","","","","","","",""
"B-379","IDE-0004","004169","W","Samsung SpinPoint,SP1604N_160GB","","1","Stck","0.00","0.00","","0.00","","Samsung","0","0","0","","","","","","","",""
"B-379","IDE-0003","004170","W","Western Digital WD3200sb_01kma0","","1","Stck","0.00","0.00","","0.00","","WesternDigital","0","0","0","","","","","","","",""
"B-379","IDE-0003","004171","W","Hitachi Deskstar HDP725025VLAT80","","1","Stck","0.00","0.00","","0.00","","Hitachi","0","0","0","","","","","","","",""
"B-379","IDE-0003","004172","W","HITACHI Deskstar HDT722525DLAT80","","1","Stck","0.00","0.00","","0.00","","Hitachi","0","0","0","","","","","","","",""
"B-379","IDE-0002","004175","W","IBM Deskstar ic35l020aver07_0","","1","Stck","0.00","0.00","","0.00","","","0","0","0","","","","","","","",""
"B-379","IDE-0002","004176","W","IBM DJNA_352030","","1","Stck","0.00","0.00","","0.00","","Lenovo / IBM","146","102","0","","","","","","","",""
"B-379","IDE-0006","004178","W","Quantum Fireball 2 GB","","1","Stck","0.00","0.00","","0.00","","Quantum","146","102","0","","","","","","","",""
"B-379","IDE-0006","004179","W","IBM DHEA-36481","","1","Stck","0.00","0.00","","0.00","","Lenovo / IBM","146","102","0","","","","","","","",""
"B-379","IDE-0006","004180","W","Seagate ST36421A","","1","Stck","0.00","0.00","","0.00","","Seagate","147","102","26","","","","","","","",""
"B-379","IDE-0001","004181","W","Maxtor 30768H1","","1","Stck","0.00","0.00","","0.00","","Maxtor","147","102","26","","","","","","","",""
"B-379","IDE-0006","004183","W","Quantum SE 4GB","","2","Stck","0.00","0.00","","0.00","","Quantum","146","102","0","","","","","","","",""
"B-379","IDE-0006","004184","W","Maxtor 83240D4","","1","Stck","0.00","0.00","","0.00","","Maxtor","146","102","0","","","","","","","",""
"B-379","SCSI-0001","004186","W","Quantum Fireball 1.2GB","","2","Stck","0.00","0.00","","0.00","","Quantum","146","102","0","","","","","","","",""
"B-379","SCSI-0001","004187","W","Quantum Prodrive LPS 425MB","","2","Stck","0.00","0.00","","0.00","","Quantum","146","102","0","","","","","","","",""
"B-379","IDE-0006","004188","W","Quantum Fireball 3GB","","1","Stck","0.00","0.00","","0.00","","Quantum","146","102","0","","","","","","","",""
"B-379","IDE-0006","004189","W","Conner CFP1080s","","1","Stck","0.00","0.00","","0.00","","Conner","146","102","0","disableit","","","","","","",""
"B-379","SCSI-0001","004189","W","Conner CFP1080s","","1","Stck","0.00","0.00","","0.00","","Conner","146","102","0","disableit","","","","","","",""
"B-379","IDE-0006","004190","W","Samsung VG34323A","","1","Stck","0.00","0.00","","0.00","","Samsung","146","102","0","","","","","","","",""
"B-379","IDE-0006","004191","W","Maxtor 82560D3","","1","Stck","0.00","0.00","","0.00","","Maxtor","146","102","0","","","","","","","",""
"B-379","IDE-0006","004192","W","Maxtor 90432D3","","1","Stck","0.00","0.00","","0.00","","Maxtor","146","102","0","","","","","","","",""
"B-379","IDE-0002","004193","W","MAXTOR 92041U4","","1","Stck","0.00","0.00","","0.00","","Maxtor","146","102","26","","","","","","","",""
"B-379","IDE-0006","004194","W","Maxtor 7850AV","","1","Stck","0.00","0.00","","0.00","","Maxtor","146","102","0","","","","","","","",""
"B-379","IDE-0006","004195","W","Maxtor 7540AV","","1","Stck","0.00","0.00","","0.00","","Maxtor","146","102","25","","","","","","","",""
"B-379","SATA-0005","004196","W","Western Digital Raptor WD740ADFD","","1","Stck","0.00","0.00","","0.00","","WesternDigital","146","102","0","","","","","","","",""
"B-379","SATA-0005","004197","W","HITACHI HDT722516DLA380 164GB","","1","Stck","0.00","0.00","","0.00","","Hitachi","146","102","0","","","","","","","",""
"B-379","IDE-0006","004199","W","Seagate Medalist 6531 ST36531A","","1","Stck","0.00","0.00","","0.00","","Seagate","146","102","0","","","","","","","",""
"B-379","IDE-0006","004202","W","Western Digital Cavir 23200 AC23200_60LC_3.2GB","","1","Stck","0.00","0.00","","0.00","","WesternDigital","0","0","0","","","","","","","",""
"B-379","IDE-0006","004203","W","Maxtor 7345at 345MB","","1","Stck","0.00","0.00","","0.00","","Maxtor","0","0","0","","","","","","","",""
"B-379","IDE-0006","004205","W","Quantum Fireball PLUS LM_","","1","Stck","0.00","0.00","","0.00","","Quantum","0","0","0","","","","","","","",""
"B-379","IDE-0006","004206","W","Quantum 1280AT_1280MB","","1","Stck","0.00","0.00","","0.00","","Quantum","0","0","0","","","","","","","",""
"B-379","IDE-0006","004209","W","Quantum Fireball LA13A011_13GB","","1","Stck","0.00","0.00","","0.00","","Quantum","0","0","0","","","","","","","",""
"B-379","SCSI-0001","004216","W","IBM-H3171-S2","","1","Stck","0.00","0.00","","0.00","","Lenovo / IBM","145","102","0","","","","","","","",""
"B-379","IDE-0004","004217","W","Quantum LM30A011_30GB","","1","Stck","0.00","0.00","","0.00","","Quantum","0","0","0","","","","","","","",""
"B-379","SCSI-0001","004218","W","Quantum Prodrive_512MB","","1","Stck","0.00","0.00","","0.00","","Quantum","0","0","0","","","","","","","",""
"B-379","SCSI-0001","004220","W","Quantum Prodrive Firmware_250MB","","1","Stck","0.00","0.00","","0.00","","Quantum","0","0","0","","","","","","","",""
"Lagerplatz für falsch zugewiesene, aber eingelagerte Artikel","Lagerplatz1","004271","W","Asante, MINI EN/SC","","1","Stck","0.00","0.00","","0.00","","Asanté","135","76","28","","","","","","","",""
"B-379","IDE-0002","004326","W","Samsung SP6003H, 60GB","","1","Stck","0.00","0.00","","0.00","","Samsung","0","0","0","","","","","","","",""
"B-379","IDE-0002","004327","W","Maxtor DiamondMax Plus 8","","1","Stck","0.00","0.00","","0.00","","Maxtor","147","102","17","","","","","","","",""
"B-379","IDE-0001","004328","W","Maxtor DiamondMax Plus 8, 40GB","","1","Stck","0.00","0.00","","0.00","","Maxtor","0","0","0","","","","","","","",""
"B-379","IDE-0002","004329","W","Seagate, ST3802110A","","1","Stck","0.00","0.00","","0.00","","Seagate","0","0","0","","","","","","","",""
"B-379","IDE-0008","004329","W","Seagate, ST3802110A","","1","Stck","0.00","0.00","","0.00","","Seagate","0","0","0","","","","","","","",""
"B-379","IDE-0008","004330","W","Maxtor, D540X-4K","","1","Stck","0.00","0.00","","0.00","","Maxtor","0","0","0","","","","","","","",""
"B-379","IDE-0004","004331","W","Maxtor, D740X-6L, 80GB","","1","Stck","0.00","0.00","","0.00","","Maxtor","0","0","0","","","","","","","",""
"B-379","IDE-0008","004331","W","Maxtor, D740X-6L, 80GB","","1","Stck","0.00","0.00","","0.00","","Maxtor","0","0","0","","","","","","","",""
"B-379","IDE-0004","004332","W","Maxtor, 4G160J8, 160GB","","2","Stck","0.00","0.00","","0.00","","Maxtor","0","0","0","","","","","","","",""
"B-379","IDE-0004","004333","W","Western Digital Caviar WD1200JB-75CRA0","","1","Stck","0.00","0.00","","0.00","","WesternDigital","147","102","26","","","","","","","",""
"B-379","IDE-0004","004334","W","Western Digital Caviar WD1200BB-18CAA0","","1","Stck","0.00","0.00","","0.00","","WesternDigital","147","102","26","","","","","","","",""
"B-379","IDE-0004","004335","W","Maxtor Diamonmax plaus 9, 6Y120L0132011","","1","Stck","0.00","0.00","","0.00","","Maxtor","0","0","0","","","","","","","",""
"B-379","IDE-0004","004336","W","Hitachi, deskstar HDS722512VLAT80, 123.5GB","","1","Stck","0.00","0.00","","0.00","","Hitachi","146","102","24","","","","","","","",""
"B-379","IDE-0002","004337","W","Western Digital WD600JB-00CRA1, 60GB","","1","Stck","0.00","0.00","","0.00","","WesternDigital","0","0","0","","","","","","","",""
"B-379","IDE-0003","004338","W","Seagate ST3300831A, 300GB","","1","Stck","0.00","0.00","","0.00","","Seagate","0","0","0","","","","","","","",""
"B-379","IDE-0003","004339","W","Western Digital WD3200JB-00KFA0","","1","Stck","0.00","0.00","","0.00","","WesternDigital","0","0","0","","","","","","","",""
"B-379","SATA-0005","004430","W","Western Digital Caviar WD1600AAJS-75PSA0","","1","Stck","0.00","0.00","","0.00","","WesternDigital","0","0","0","","","","","","","",""
"B-379","SATA-0001","004431","W","Seagate ST3160811AS","","1","Stck","0.00","0.00","","0.00","","Seagate","0","0","0","","","","","","","",""
"B-379","SATA-0005","004432","W","Western Digital WD1600JS-00MHB1","","1","Stck","0.00","0.00","","0.00","","WesternDigital","0","0","0","","","","","","","",""
"B-379","IDE-0002","004434","W","Seagate ST360012A","","1","Stck","0.00","0.00","","0.00","","Seagate","150","100","0","","","","","","","",""
"B-379","IDE-0008","004435","W","Seagate ST3280012A, 80GB","","1","Stck","0.00","0.00","","0.00","","Seagate","0","0","0","","","","","","","",""
"B-379","IDE-0006","004436","W","Fujistu MPA3035AT","","1","Stck","0.00","0.00","","0.00","","Fujitsu / Fujitsu-Siemens / Siemens","0","0","0","","","","","","","",""
"B-379","SATA-0006","004440","W","Western Digital, WD5000AAKS-00UU3A0, 500GB","","2","Stck","0.00","0.00","","0.00","","WesternDigital","0","0","0","","","","","","","",""
"B-379","SATA-0004","004500","W","WD2500AAJS-60M0A1, 250GB","","4","Stck","0.00","0.00","","0.00","","WesternDigital","0","0","0","","","","","","","",""
"B-379","SATA-0005","004503","W","Seagate ST3500830As 500GB","","1","Stck","0.00","0.00","","0.00","","Seagate","0","0","0","","","","","","","",""
"B-379","SATA-0006","004503","W","Seagate ST3500830As 500GB","","2","Stck","0.00","0.00","","0.00","","Seagate","0","0","0","","","","","","","",""
"B-379","SATA-0003","004506","W","WD5002ABYS-02B1B0, 500GB","","1","Stck","0.00","0.00","","0.00","","WesternDigital","0","0","0","","","","","","","",""
"B-379","SATA-0001","004509","W","WD5001AALS-00E3A0","","1","Stck","0.00","0.00","","0.00","","WesternDigital","0","0","0","","","","","","","",""
"B-379","SATA-0006","004509","W","WD5001AALS-00E3A0","","1","Stck","0.00","0.00","","0.00","","WesternDigital","0","0","0","","","","","","","",""
"B-379","SATA-0003","004511","W","Samsung HD501LJ 500GB","","3","Stck","0.00","0.00","","0.00","","Samsung","150","100","0","","","","","","","",""
"B-379","SATA-0006","004511","W","Samsung HD501LJ 500GB","","4","Stck","0.00","0.00","","0.00","","Samsung","150","100","0","","","","","","","",""
"B-379","SATA-0006","004512","W","Seagate ST3500820AS","","1","Stck","0.00","0.00","","0.00","","Seagate","0","0","0","","","","","","","",""
"B-379","IDE-0009","004513","W","Maxtor HP P6078-69001, 20GB","","1","Stck","0.00","0.00","","0.00","","Maxtor","0","0","0","","","","","","","",""
"B-379","SATA-0007","004515","W","Western Digital WD3200AAKS-00L9A0","","2","Stck","0.00","0.00","","0.00","","WesternDigital","0","0","0","","","","","","","",""
"B-379","SATA-0002","004516","W","Western Digital WD3200AAKS-75L9A0","","4","Stck","0.00","0.00","","0.00","","WesternDigital","0","0","0","","","","","","","",""
"B-379","SATA-0007","004516","W","Western Digital WD3200AAKS-75L9A0","","1","Stck","0.00","0.00","","0.00","","WesternDigital","0","0","0","","","","","","","",""
"B-379","IDE-0001","004545","W","WesternDigital WD400BB-75FJA1","","1","Stck","0.00","0.00","","0.00","","WesternDigital","147","102","25","","","","","","","",""
"B-379","IDE-0001","004548","W","WesternDigital WD400EB-00CPF0","","1","Stck","0.00","0.00","","0.00","","WesternDigital","145","102","25","","","","","","","",""
"B-379","IDE-0002","004554","W","WesternDigital WD400AB-32BVA0","","1","Stck","0.00","0.00","","0.00","","WesternDigital","0","0","0","","","","","","","",""
"B-379","IDE-0001","004558","W","WesternDigital WD400BB-75JHC0, 40GB","","1","Stck","0.00","0.00","","0.00","","WesternDigital","0","0","0","","","","","","","",""
"B-379","IDE-0001","004560","W","ExcelStor J240 Io","","1","Stck","0.00","0.00","","0.00","","ExcelStor","147","102","25","","","","","","","",""
"B-379","IDE-0001","004561","W","Samsung SP4002H","","1","Stck","0.00","0.00","","0.00","","Samsung","0","0","0","","","","","","","",""
"B-379","IDE-0002","004565","W","Maxtor D740X-6L, 60GB,","","1","Stck","0.00","0.00","","0.00","","Maxtor","0","0","0","","","","","","","",""
"B-379","IDE-0002","004568","W","IBM Deskstar DTLA-307030, 30.7 GB","","1","Stck","0.00","0.00","","0.00","","Lenovo / IBM","0","0","0","","","","","","","",""
"B-379","IDE-0004","004583","W","Western Digital Caviar WD2000BB-00FTA0","","1","Stck","0.00","0.00","","0.00","","WesternDigital","147","102","26","","","","","","","",""
"B-379","SATA-0001","004647","W","Western Digital WD1600AAJS07M0A0","","1","Stck","0.00","0.00","","0.00","","WesternDigital","145","100","23","","","","","","","",""
"B-379","SATA-0005","004647","W","Western Digital WD1600AAJS07M0A0","","1","Stck","0.00","0.00","","0.00","","WesternDigital","145","100","23","","","","","","","",""
"B-379","SATA-0007","004651","W","Samsung HD321KJ, 320GB","","1","Stck","0.00","0.00","","0.00","","Samsung","145","100","25","","","","","","","",""
"B-379","SATA-0002","004652","W","Samsung HD322GJ 320GB","","1","Stck","0.00","0.00","","0.00","","Samsung","145","100","25","","","","","","","",""
"B-379","SATA-0006","004653","W","Hitachi Deskstar HDP725032GLA360","","3","Stck","0.00","0.00","","0.00","","Hitachi","145","100","25","","","","","","","",""
"B-379","IDE-0002","004674","W","ExcelStor J340 Europa","","1","Stck","0.00","0.00","","0.00","","ExcelStor","145","100","25","","","","","","","",""
"B-379","SATA-0002","004742","W","WesternDigital WD2500AAJS-07M0A0","","2","Stck","0.00","0.00","","0.00","","WesternDigital","150","100","20","","","","","","","",""
"B-379","SATA-0004","004742","W","WesternDigital WD2500AAJS-07M0A0","","1","Stck","0.00","0.00","","0.00","","WesternDigital","150","100","20","","","","","","","",""
"B-379","SATA-0001","004748","W","Hitachi HDT721050SLAA360, 500GB","","1","Stck","0.00","0.00","","0.00","","Hitachi","145","100","25","","","","","","","",""
"B-379","SATA-0006","004748","W","Hitachi HDT721050SLAA360, 500GB","","1","Stck","0.00","0.00","","0.00","","Hitachi","145","100","25","","","","","","","",""
"Lagerplatz für falsch zugewiesene, aber eingelagerte Artikel","Lagerplatz1","004759","W","Lacie, Extern HDD 3.5, 500GB, SATA","","1","Stck","0.00","0.00","","0.00","","LaCie","190","110","40","","","","","","","",""
"B-379","SATA-0004","004761","W","WesternDigital WD2500JD-40HBC0","","1","Stck","0.00","0.00","","0.00","","WesternDigital","145","100","25","","","","","","","",""
"B-379","SATA-0002","004767","W","Seagate ST3320820AS","","2","Stck","0.00","0.00","","0.00","","Seagate","145","100","25","","","","","","","",""
"B-379","SATA-0007","004767","W","Seagate ST3320820AS","","1","Stck","0.00","0.00","","0.00","","Seagate","145","100","25","","","","","","","",""
"B-379","SATA-0004","004835","W","WesternDigital WD2500AAKS-00L9A0, 250GB","","1","Stck","0.00","0.00","","0.00","","WesternDigital","150","100","20","","","","","","","",""
"Lagerplatz für falsch zugewiesene, aber eingelagerte Artikel","Lagerplatz1","004930","W","Diamond Monster 3D II 3DFX PCI 8MB","","1","Stck","0.00","0.00","","0.00","","Diamond","220","130","20","disableit","","","","","","",""
"B-379","SATA-0004","005005","W","Seagate ST3320418AS 320GB","","4","Stck","0.00","0.00","","0.00","","Seagate","145","100","25","","","","","","","",""
"B-379","IDE-0005","005031","W","Western Digital WD800BB-22HEA1 80GB","","15","Stck","0.00","0.00","","0.00","","WesternDigital","150","100","25","","","","","","","",""
"B-379","IDE-0005","005032","W","Western Digital Caviar WD800BB-60JKA0","","1","Stck","0.00","0.00","","0.00","","WesternDigital","145","100","25","","","","","","","",""
"B-379","IDE-0005","005033","W","Western Digital Caviar WD800BB-32FJA0","","2","Stck","0.00","0.00","","0.00","","WesternDigital","145","100","25","","","","","","","",""
"B-379","IDE-0005","005034","W","Western Digital Caviar WD800BB-00JHA0","","1","Stck","0.00","0.00","","0.00","","WesternDigital","145","100","25","","","","","","","",""
"B-379","IDE-0005","005035","W","Western Digital Caviar WD800BB-75CAA0","","1","Stck","0.00","0.00","","0.00","","WesternDigital","145","100","25","","","","","","","",""
"B-379","IDE-0005","005036","W","Western Digital Caviar WD800BB-00CRA1","","1","Stck","0.00","0.00","","0.00","","WesternDigital","145","100","25","","","","","","","",""
"B-379","IDE-0005","005037","W","Western Digital Caviar WD800jB-00ETA0","","1","Stck","0.00","0.00","","0.00","","WesternDigital","145","100","25","","","","","","","",""
"B-379","SATA-0005","005045","W","WD800AAJ8-00P8A0","","1","Stck","0.00","0.00","","0.00","","WesternDigital","145","100","25","","","","","","","",""
"B-379","IDE-0005","005131","W","Netgear GS608 v3","","1","Stck","0.00","0.00","","0.00","","NETGEAR","115","175","30","","","","","","","",""
"B-379","SATA-0005","005181","W","Samsung HD160JJ/P","","1","Stck","0.00","0.00","","0.00","","Samsung","145","102","27","","","","","","","",""
"B-379","SATA-0001","005367","W","WesternDigital WD5003ABYX-01WERA0 500GB","","3","Stck","0.00","0.00","","0.00","","WesternDigital","145","100","25","","","","","","","",""
"B-379","SATA-0001","005368","W","WesternDigital WD5003ABYX-01WERA1 500GB","","2","Stck","0.00","0.00","","0.00","","WesternDigital","150","105","25","","","","","","","",""
"B-379","SATA-0002","005368","W","WesternDigital WD5003ABYX-01WERA1 500GB","","1","Stck","0.00","0.00","","0.00","","WesternDigital","150","105","25","","","","","","","",""
"B-379","SATA-0002","005369","W","WesternDigital WD2502ABYS-02B7A0","","1","Stck","0.00","0.00","","0.00","","WesternDigital","145","100","25","","","","","","","",""
"B-379","SATA-0002","005370","W","Hitachi / IBM HDT725025VLA380","","4","Stck","0.00","0.00","","0.00","","Lenovo / IBM","145","100","25","","","","","","","",""
"B-379","SATA-0005","005371","W","Seagate ST3120026AS, 120GB","","2","Stck","0.00","0.00","","0.00","","Seagate","145","100","25","","","","","","","",""
"B-379","SCSI-0002","005428","W","HP BD0728856A 72,8GB","","1","Stck","0.00","0.00","","0.00","","HP / Compaq","0","0","0","","","","","","","",""
"B-379","SCSI-0003","005428","W","HP BD0728856A 72,8GB","","3","Stck","0.00","0.00","","0.00","","HP / Compaq","0","0","0","","","","","","","",""
"B-379","SATA-0001","005460","W","WD5000AAKS-65V0A0, 500GB","","1","Stck","0.00","0.00","","0.00","","WesternDigital","0","0","0","","","","","","","",""
"B-379","SATA-0001","005461","W","WD5003AZEX-00K1GA0, 500GB","","1","Stck","0.00","0.00","","0.00","","WesternDigital","145","100","25","","","","","","","",""
"B-379","SATA-0002","005462","W","WesternDigital WD1601ABYS-01C0A0 160GB","","2","Stck","0.00","0.00","","0.00","","WesternDigital","145","100","25","","","","","","","",""
"B-379","IDE-0006","005465","W","Hitachi Deskstar IC35L060AVV207-0, 40GB","","1","Stck","0.00","0.00","","0.00","","Hitachi","146","102","24","","","","","","","",""
"B-379","IDE-0006","005466","W","Barracuda ATA V ST360015A 60GB","","1","Stck","0.00","0.00","","0.00","","Seagate","146","102","24","","","","","","","",""
"B-379","IDE-0006","005467","W","Western Digital Caviar WD1600AAJB - 22WRA0 160GB","","1","Stck","0.00","0.00","","0.00","","WesternDigital","146","102","24","","","","","","","",""
"B-379","IDE-0006","005468","W","WD1600JB-00REA0 160GB","","1","Stck","0.00","0.00","","0.00","","WesternDigital","146","102","24","","","","","","","",""
"B-379","IDE-0006","005747","W","Western Digital Caviar WDAC2635-00F","","1","Stck","0.00","0.00","","0.00","","WesternDigital","146","102","24","","","","","","","",""
"B-379","IDE-0006","005752","W","FUJITSU MPC3043AT 4,3GB","","1","Stck","0.00","0.00","","0.00","","Fujitsu / Fujitsu-Siemens / Siemens","146","102","24","","","","","","","",""
"B-379","IDE-0006","005753","W","Quantum Lightning Pro Drive 350MB","","1","Stck","0.00","0.00","","0.00","","Quantum","146","102","24","","","","","","","",""
"B-379","IDE-0006","005754","W","Quantum ProDrive LPS 270MB","","1","Stck","0.00","0.00","","0.00","","Quantum","146","102","24","","","","","","","",""
"B-379","IDE-0004","005755","W","Samsung SP1203N (120GB)","","1","Stck","0.00","0.00","","0.00","","Samsung","150","100","30","","","","","","","",""
"B-379","SATA-0004","005767","W","Seagate ST250DM000 250GB","","3","Stck","0.00","0.00","","0.00","","Seagate","147","102","26","","","","","","","",""
"B-379","SATA-0001","005774","W","Hitachi HDS722516VLSA80, 164.7 GB","","1","Stck","0.00","0.00","","0.00","","Hitachi","145","102","25","","","","","","","",""
"B-379","SATA-0005","005774","W","Hitachi HDS722516VLSA80, 164.7 GB","","2","Stck","0.00","0.00","","0.00","","Hitachi","145","102","25","","","","","","","",""
"B-379","SATA-0004","005776","W","HITACHI Deskstar HDS7225SBSUN250G.7200","","3","Stck","0.00","0.00","","0.00","","Sun","147","102","26","","","","","","","",""
"B-379","SATA-0004","005777","W","Western Digital WD2500AAJS-60M0A0 250GB","","1","Stck","0.00","0.00","","0.00","","WesternDigital","150","100","20","","","","","","","",""
"B-379","SATA-0001","005778","W","WesternDigital WD2500JD-00HBB0 250GB","","1","Stck","0.00","0.00","","0.00","","WesternDigital","145","100","25","","","","","","","",""
"B-379","SATA-0004","005778","W","WesternDigital WD2500JD-00HBB0 250GB","","1","Stck","0.00","0.00","","0.00","","WesternDigital","145","100","25","","","","","","","",""
"B-379","SATA-0003","005781","W","TOSHIBA DT01ACA050","","4","Stck","0.00","0.00","","0.00","","Toshiba","150","190","25","","","","","","","",""
"B-379","SATA-0002","005782","W","WD3200YS-01PGB0","","4","Stck","0.00","0.00","","0.00","","WesternDigital","145","100","25","","","","","","","",""
"B-379","SATA-0003","005782","W","WD3200YS-01PGB0","","1","Stck","0.00","0.00","","0.00","","WesternDigital","145","100","25","","","","","","","",""
"B-379","IDE-0008","005810","W","WD800BB-22JHA0","","1","Stck","0.00","0.00","","0.00","","WesternDigital","150","100","25","","","","","","","",""
"B-379","SATA-0004","005811","W","Seagate ST320DM000 320GB","","1","Stck","0.00","0.00","","0.00","","Seagate","150","120","25","","","","","","","",""
"B-379","SATA-0007","005811","W","Seagate ST320DM000 320GB","","3","Stck","0.00","0.00","","0.00","","Seagate","150","120","25","","","","","","","",""
"B-379","SATA-0002","005814","W","Western Digital WD2500AAKX-75U6AA0","","1","Stck","0.00","0.00","","0.00","","WesternDigital","150","120","25","","","","","","","",""
"B-379","SATA-0001","005820","W","Western Digital WD1600AAJS-07PSA0 160GB","","1","Stck","0.00","0.00","","0.00","","WesternDigital","145","102","23","","","","","","","",""
"B-379","SATA-0002","005820","W","Western Digital WD1600AAJS-07PSA0 160GB","","1","Stck","0.00","0.00","","0.00","","WesternDigital","145","102","23","","","","","","","",""
"B-379","IDE-0001","005841","W","WD5000AAKB-00H8A0","","1","Stck","0.00","0.00","","0.00","","WesternDigital","150","120","25","","","","","","","",""
"B-379","IDE-0001","005842","W","Seagate 9T6001-001","","1","Stck","0.00","0.00","","0.00","","","150","120","25","","","","","","","",""
"B-379","IDE-0001","005843","W","Maxtor DiamondMax Plus 9 6Y080L04226P1","","1","Stck","0.00","0.00","","0.00","","Maxtor","150","100","30","","","","","","","",""
"B-379","IDE-0001","005844","W","Maxtor DiamondMax 10 6L300R0061M11","","1","Stck","0.00","0.00","","0.00","","Maxtor","145","100","25","","","","","","","",""
"B-379","IDE-0001","005845","W","Maxtor 34098H4","","1","Stck","0.00","0.00","","0.00","","Maxtor","150","120","25","","","","","","","",""
"B-379","IDE-0001","005846","W","ExcelStor J8160 160GB","","2","Stck","0.00","0.00","","0.00","","ExcelStor","150","120","25","","","","","","","",""
"B-379","IDE-0001","005848","W","Western Digital WD2000BB-22GUA0","","1","Stck","0.00","0.00","","0.00","","","150","120","25","","","","","","","",""
"B-379","IDE-0001","005849","W","Western Digital WD2500JB-00EVA0 250GB","","1","Stck","0.00","0.00","","0.00","","WesternDigital","150","120","25","","","","","","","",""
"B-379","IDE-0001","005851","W","Western Digital WD1600AVJB-63SZA0_160GB","","2","Stck","0.00","0.00","","0.00","","WesternDigital","150","105","25","","","","","","","",""
"B-379","SATA-0002","005852","W","Western Digital WD1600JS-08NCB1","","1","Stck","0.00","0.00","","0.00","","WesternDigital","146","101.5","26","","","","","","","",""
"B-379","SATA-0001","005893","W","Samsung HD161HJ/L 160GB","","1","Stck","0.00","0.00","","0.00","","Samsung","145","102","25.4","","","","","","","",""
"B-379","SATA-0005","005893","W","Samsung HD161HJ/L 160GB","","1","Stck","0.00","0.00","","0.00","","Samsung","145","102","25.4","","","","","","","",""
"B-379","SATA-0001","005894","W","Swisscom Pronto11","","1","Stck","0.00","0.00","","0.00","","Swisscom","170","170","70","","","","","","","",""
"B-379","SATA-0001","005895","W","WD WD1500HLFS-01G6U1 150GB","","1","Stck","0.00","0.00","","0.00","","WesternDigital","150","100","25","","","","","","","",""
"B-379","SATA-0001","005896","W","WD WD6000HLHX-01JJPV0 600GB","","1","Stck","0.00","0.00","","0.00","","WesternDigital","150","100","25","","","","","","","",""
"B-379","IDE-0001","005898","W","Maxtor_6E040L0510233 40GB","","1","Stck","0.00","0.00","","0.00","","Maxtor","146","102","26","","","","","","","",""
"B-379","IDE-0001","005899","W","Maxtor 6E040L0510605 40GB","","1","Stck","0.00","0.00","","0.00","","Maxtor","146","102","26","","","","","","","",""
"B-379","IDE-0002","005900","W","Western Digital WD800BB-75FJA1 80GB","","1","Stck","0.00","0.00","","0.00","","WesternDigital","145","100","25","","","","","","","",""
"B-379","IDE-0001","005901","W","Seagate ST340823A 40GB","","1","Stck","0.00","0.00","","0.00","","Seagate","150","100","25","","","","","","","",""
"B-379","IDE-0002","005909","W","WESTERN DIGITAL WD200BB-60CVB0 20GB","","2","Stck","0.00","0.00","","0.00","","WesternDigital","147","102","26","","","","","","","",""
"B-379","SAS-0001","005913","W","WD WD2001FYYG-01SL3W1 2TB","","1","Stck","0.00","0.00","","0.00","","WesternDigital","150","100","25","","","","","","","",""
"B-379","SATA-0001","005943","W","Western Digital Caviar WD5000AAKS-75YGA0 500GB","","1","Stck","0.00","0.00","","0.00","","WesternDigital","147","102","26","","","","","","","",""
"B-379","IDE-0002","005944","W","Maxtor 6Z160P0042811 160GB","","1","Stck","0.00","0.00","","0.00","","Maxtor","147","102","26","","","","","","","",""
"B-379","SATA-0001","005998","W","Hitachi HDT725050VLA360 500GB","","1","Stck","0.00","0.00","","0.00","","Hitachi","150","100","25","","","","","","","",""
"B-379","IDE-0001","005999","W","Seagate ST320420A 20GB","","1","Stck","0.00","0.00","","0.00","","Seagate","150","120","25","","","","","","","",""
"Lagerplatz für falsch zugewiesene, aber eingelagerte Artikel","Lagerplatz1","006054","W","Cisco SPA112","","1","Stck","0.00","0.00","","0.00","","Cisco","100","100","30","","Telefon-Adapter zur Nutzung von Analog-Telefonapparaten mit Internet-Telefonie - max. Anzahl angeschlossene Telefonapparate 2 - Anzahl SIP Accounts 2 Telefontyp VoIP Telefon","","","","","",""
"B-379","SATA-0001","006055","W","Western Digital WD1602ABKS70N8A0 160GB","","3","Stck","0.00","0.00","","0.00","","WesternDigital","0","0","0","","","","","","","",""
"B-379","SCSI-0002","006068","W","HP SCSI Ultra320 15k 72,8GB","","1","Stck","0.00","0.00","","0.00","","HP / Compaq","0","0","0","","","","","","","",""
"B-379","SCSI-0001","006069","W","SEAGATE ST15150N 4,3GB","","1","Stck","0.00","0.00","","0.00","","Seagate","150","100","40","","","","","","","",""
"B-379","SCSI-0001","006070","W","(IBM) HDD SCSI DFRS 4GB","","1","Stck","0.00","0.00","","0.00","","","150","100","40","","","","","","","",""
"B-379","SCSI-0001","006071","W","(IBM) HDD SCSI DCHS 4GB","","1","Stck","0.00","0.00","","0.00","","Lenovo / IBM","150","100","40","","","","","","","",""
"B-379","SCSI-0002","006080","W","COMPAQ SCSI BD0765A22 73GB","","1","Stck","0.00","0.00","","0.00","","HP / Compaq","0","0","0","","","","","","","",""
"B-379","SATA-0002","006095","W","Western Digital WD6401AALS-00L3B2","","1","Stck","0.00","0.00","","0.00","","WesternDigital","145","100","25","","","","","","","",""
"B-379","SAS-0001","006096","W","HGST HUH728080AL5200","","5","Stck","0.00","0.00","","0.00","","HGST","145","100","25","","","","","","","",""
"B-379","SATA-0002","006097","W","Hewlett Packard ST1000nm0008","","2","Stck","0.00","0.00","","0.00","","HP / Compaq","0","0","0","","","","","","","",""
"B-379","SAS-0001","006101","W","HP DF146BB6C2","","4","Stck","0.00","0.00","","0.00","","HP / Compaq","0","0","0","","","","","","","",""
"B-379","SATA-0005","006102","W","TOSHIBA HDKPC01H0AO1","","1","Stck","0.00","0.00","","0.00","","Toshiba","0","0","0","","","","","","","",""
"B-379","SAS-0001","006103","W","SEAGATE Exos 7E8 ST4000NM0025","","8","Stck","0.00","0.00","","0.00","","Seagate","0","0","0","","","","","","","",""
"B-379","SATA-0005","006105","W","Toshiba HDKPC01H0A01 S","","1","Stck","0.00","0.00","","0.00","","Toshiba","0","0","0","","","","","","","",""
"B-379","SATA-0005","006106","W","Western Digital WD1600HLFS-75G6U1","","2","Stck","0.00","0.00","","0.00","","WesternDigital","0","0","0","","","","","","","",""
"B-379","IDE-0002","006107","W","Maxtor E-H011-02-3427","","1","Stck","0.00","0.00","","0.00","","Maxtor","145","100","0","","","","","","","",""
"B-379","IDE-0002","006109","W","Maxtor 92049U6","","1","Stck","0.00","0.00","","0.00","","Maxtor","0","0","0","","","","","","","",""
"B-379","IDE-0002","006110","W","Maxtor Diamondmax Plus9 6Y080L0422031","","1","Stck","0.00","0.00","","0.00","","Maxtor","0","0","0","","","","","","","",""
"B-379","SCSI-0003","006113","W","Quantum XP31070","","1","Stck","0.00","0.00","","0.00","","Quantum","0","0","0","","","","","","","",""
"B-379","SCSI-0003","006114","W","IBM Ultrastar DDYS-T18350","","1","Stck","0.00","0.00","","0.00","","Lenovo / IBM","0","0","0","","","","","","","",""
"B-379","SCSI-0003","006115","W","Quantum ATLAS IV KN00L881","","1","Stck","0.00","0.00","","0.00","","Quantum","0","0","0","","","","","","","",""
"B-379","SCSI-0003","006116","W","HP D8608-60103","","1","Stck","0.00","0.00","","0.00","","HP / Compaq","0","0","0","","","","","","","",""
"B-379","SCSI-0003","006117","W","quantum atlas III TD91W011","","1","Stck","0.00","0.00","","0.00","","Quantum","0","0","0","","","","","","","",""
"B-379","SCSI-0003","006119","W","Quantum Atlas 10K III KW73L017","","1","Stck","0.00","0.00","","0.00","","Quantum","0","0","0","","","","","","","",""
"B-379","SCSI-0003","006120","W","Seagate ST336753LW","","2","Stck","0.00","0.00","","0.00","","Seagate","0","0","0","","","","","","","",""
"B-379","SCSI-0003","006121","W","IBM DPES-30540","","1","Stck","0.00","0.00","","0.00","","Lenovo / IBM","0","0","0","","","","","","","",""
"B-379","SCSI-0003","006126","W","Seagate Cheetah Ultra320 ST373307LC","","5","Stck","0.00","0.00","","0.00","","Seagate","0","0","0","","","","","","","",""
"B-379","SCSI-0003","006127","W","Seagate Cheeteh 10K.7 ST373207LC","","1","Stck","0.00","0.00","","0.00","","Seagate","145","102","27","","","","","","","",""
"B-379","SCSI-0003","006128","W","Compaq BD01864544","","2","Stck","0.00","0.00","","0.00","","HP / Compaq","0","0","0","","","","","","","",""
"B-379","SCSI-0003","006129","W","IBM DDRS-34560 E182115 s","","1","Stck","0.00","0.00","","0.00","","Lenovo / IBM","0","0","0","","","","","","","",""
"B-379","SCSI-0003","006130","W","HITACHI HUS151436VL3800","","1","Stck","0.00","0.00","","0.00","","Hitachi","0","0","0","","","","","","","",""
"B-379","SCSI-0003","006131","W","HITACHI HUS151473VL3800","","1","Stck","0.00","0.00","","0.00","","Hitachi","0","0","0","","","","","","","",""
"B-379","SCSI-0003","006132","W","HP BD14685A26","","1","Stck","0.00","0.00","","0.00","","HP / Compaq","0","0","0","","","","","","","",""
"B-379","SCSI-0003","006133","W","Seagate Cheetah Ultra320 ST3146807LC","","1","Stck","0.00","0.00","","0.00","","Seagate","150","105","0","","","","","","","",""
"B-379","SCSI-0003","006134","W","HP BD07289BB8","","1","Stck","0.00","0.00","","0.00","","HP / Compaq","150","105","25","","","","","","","",""
"B-379","SCSI-0003","006135","W","COMPAQ BD07265A22","","1","Stck","0.00","0.00","","0.00","","HP / Compaq","0","0","0","","","","","","","",""
"B-379","SCSI-0003","006136","W","Seagate ST118202LC","","1","Stck","0.00","0.00","","0.00","","Seagate","0","0","0","","","","","","","",""
"B-379","SCSI-0003","006137","W","Fujitsu MAN3184MC","","1","Stck","0.00","0.00","","0.00","","Fujitsu / Fujitsu-Siemens / Siemens","0","0","0","","","","","","","",""
"B-379","SCSI-0003","006138","W","Apple Hard Disk 40SC E478J5","","1","Stck","0.00","0.00","","0.00","","Apple","0","0","0","","","","","","","",""
"B-379","SCSI-0003","006139","W","APPLE Quantum F/W: 1994 655-0253 A","","1","Stck","0.00","0.00","","0.00","","Apple","0","0","0","","","","","","","",""
"B-379","IDE-0001","K1099","W","silitest2","","1","Stck","0.00","0.00","","0.00","","3Com","","","","","","","","","","",""
"Gesamter Bestandswert","","","","","","","","","","","0.00","","","","","","","","","","","","",""