"Buchungsnummer","Lieferantenname","Nummer","Kontakt","Abteilung 1","Abteilung 2","Telefon","Rabatt","Fax","E-Mail","Steuernummer","Straße","PLZ","Stadt","Zahlungsbedingungen","Steuersatz","Rechnung","Lieferantenauftrag","Anfrage","Land","GLN","Erfassungsdatum","USt-IdNr.","Mailing an IT-Firmen","Newsletter","Adresse woher?"
"381070","100 Damas Restaurant Pizzeria","100","","","","","0.00","","","","","","","","Inland","","","","","","26.04.2023","","Nein","Ja",""
"17473","A&A ComSys","1014","","","","089/504267","0.00","","ebay@aa-comsys.de","","Schwanthalerstr. 126","80339","München","","Inland","1418700774002","","","","","23.04.2015","","","",""
"","","","","","","","","","","","","","","","","","","","","","","","","",""
"2311","Abbo Informatique SA","10","","","","","0.00","","","","","","","","Inland","","","","","","16.02.2010","","","",""
"23892","Accupart Ltd","1224","","","","0044 845 459 7165","0.00","","dave@accupart.co.uk","","25a Longwood Park, Longwood Road, Trafford Park","M17 1PZ","Manchester","","Inland","2GR323186D263733G","","","Grossbritannien","","01.04.2016","","","",""
"","","","","","","","","","","","","","","","","","","","","","","","","",""
"","","","","","","","","","","","","","","","","135580","","","","","","","","",""
"29629","Accuswiss GmbH","1444","","","","061 902 05 12","0.00","","mail@accuswiss.ch","","Frenkendörferstr. 27","4410","Liestal","","Inland","96699","","","","","02.03.2017","","","",""
"","","","","","","","","","","","","","","","","","10020116","","","","","","","",""
"","","","","","","","","","","","","","","","","","121130","","","","","","","",""
"","","","","","","","","","","","","","","","","","","","","","","","","",""
"","","","","","","","","","","","","","","","","23956-1511788475","","","","","","","","",""
"29449","Ada ina","46","","","","","0.00","","","","","","","","Inland","","","","China","","23.02.2017","","","",""
"","","","","","","","","","","","","","","","","501622134731093","","","","","","","","",""
"20203","akku-handel.ch gmbh","1079","","","","061 711 06 66","0.00","","info@akku−handel.ch","","Herrenweg 40","4153","Reinach","","Inland","AG16073349","16","","","","02.10.2015","","","",""
"","","","","","","","","","","","","","","","","","12","","","","","","","",""
"","","","","","","","","","","","","","","","","CA15079797","","","","","","","","",""
"","","","","","","","","","","","","","","","","","16","","","","","","","",""
"","","","","","","","","","","","","","","","","","","","","","","","","",""
"","","","","","","","","","","","","","","","","","CA15079797","","","","","","","",""
"","","","","","","","","","","","","","","","","AG15066066","","","","","","","","",""
"41787","Akkustadl","78","Peter Andreas","","","0049 89 66594640","0.00","","info@akkustadl.de","","Isartalstr. 51","82008","Unterhaching","","Inland","","","","","","22.06.2018","","","",""
"","","","","","","","","","","","","","","","","","BE2018-19222","","","","","","","",""
"22855","akkus-zentrum.ch","1177","Li Zhang Zheng","","","+8613755048468","0.00","","ebay@laptopbatteriesstore.com, ch, akkuszentrum@gmail.com","","","","","","Inland","","","","","","09.02.2016","","","",""
"","","","","","","","","","","","","","","","","2JK2273234069801X","","","","","","","","",""
"","","","","","","","","","","","","","","","","2B802879UA784912A","","","","","","","","",""
"19579","Alejandro Aguilar","26","","","","0763387810","0.00","","alex_aguilar@gmx.ch","","Berninastrasse 42","8057","Zürich","","Inland","","","","","","26.08.2015","","","",""
"32008","Alex NLD","1520","","","","","0.00","","","","Kiryat Moshe 8","14388","Tiberias","","Inland","4426153","31","","Israel","","16.08.2017","","","",""
"","","","","","","","","","","","","","","","","","31","","","","","","","",""
"","","","","","","","","","","","","","","","","","","","","","","","","",""
"381242","Ali Baba Take Away","105","","","","","0.00","","","","Mattenstr. 29","8005","Zürich","","Inland","","","","","","28.04.2023","","Nein","Ja",""
"46189","Aliexpress","84","","","","","0.00","","","","","","","","Inland","","52","","China","","04.10.2018","","","",""
"","","","","","","","","","","","","","","","","","000499079731093","","","","","","","",""
"","","","","","","","","","","","","","","","","","43","","","","","","","",""
"","","","","","","","","","","","","","","","","3000499079731093","","","","","","","","",""
"","","","","","","","","","","","","","","","","3000499079751093","","","","","","","","",""
"","","","","","","","","","","","","","","","","506815940171093","","","","","","","","",""
"","","","","","","","","","","","","","","","","","","","","","","","","",""
"16940","Allegra Swiss GmbH","994","","","","044 787 04 70","0.00","","","","Einsiedlerstrasse 15A","8834","Schindellegi","","Inland","","","","CH","","07.04.2015","","","",""
"17342","Allianz Suisse","1012","","","","","0.00","","","","","","","","Inland","","","","","","21.04.2015","","","",""
"381126","all-time gmbh","101","","","","","0.00","","","","Fulau 10","8352","Elsau","","Inland","","","","","","27.04.2023","","Nein","Ja",""
"2096","Alltron AG","013","","","","062 889 88 88","0.00","062 889 88 11","","","Hintermättlistrasse 3","5506","Mägenwil","","Inland","8250122","","","","","16.09.2009","","","",""
"","","","","","","","","","","","","","","","","9087371","","","","","","","","",""
"","","","","","","","","","","","","","","","","","","","","","","","","",""
"31913","AL-Solution","1517","","","","+49 (0) 6227 398 27 67","0.00","","paypal@al-solution.de","","SAP-Allee 3","68789","St. Leon-Rot","","Inland","","","","D","","15.08.2017","","","",""
"","","","","","","","","","","","","","","","","29780057BE280610W","","","","","","","","",""
"2080","ALSO Schweiz AG","005","","","","041 266 11 11","0.00","041 266 11 22","","","Meierhofstrasse 5","6032","Emmen","","Inland","","","","","","16.09.2009","","","",""
"388807","Alternative Bank Schweiz AG","3125","","","","","0.00","","","","Amthausquai 21","4601","Olten","","Inland","","","","","","22.08.2023","","Nein","Ja",""
"313538","Andrea Hebeisen","98","052 383 15 61","","","","0.00","","an.hebeisen@gmail.com","","Bolsternstrasse 28","8483","Kollbrunn ZH","","Inland","R2019513a","AU2019218","","","","09.01.2020","","Nein","Ja",""
"","","","","","","","","","","","","","","","","","","","","","","","","",""
"","","","","","","","","","","","","","","","","R2019513","","","","","","","","",""
"33743","ApexWay","1590","","","","","0.00","","","","","","","","Inland","504641025841093","","","NL","","27.11.2017","","","",""
"","","","","","","","","","","","","","","","","","","","","","","","","",""
"30292","Apotheke am Wipkingerplatz","1449","","","","","0.00","","","","Hönggerstr. 40","8037","Zürich","","Inland","0100202971242","","","","","04.04.2017","","","",""
"","","","","","","","","","","","","","","","","","","","","","","","","",""
"353335","appleladen","99","","","","+41 41 240 36 60","0.00","","verkauf@appleladen.ch","CHE-112.622.120","Kasimir-Pfyffer-Strasse 12","6003","Luzern","","Inland","","","","","","27.01.2022","","Nein","Ja",""
"23154","A-Tech Components","1181","","","","1-866-557-4527","0.00","","","","1300 Green Cook Rd","43074","Sunbury OH","","Inland","4JT65890LK375913E","","","U.S.A.","","26.02.2016","","","",""
"","","","","","","","","","","","","","","","","","","","","","","","","",""
"23878","AW Tech Group","1222","","","","","0.00","","sales@discountedlaptopparts.com","","","","","","Inland","725824492025","","","USA","","31.03.2016","","","",""
"","","","","","","","","","","","","","","","","552652432025","","","","","","","","",""
"","","","","","","","","","","","","","","","","","","","","","","","","",""
"2088","AXA Versicherungen AG","009","","","","0800 860 880","0.00","052 218 96 96","","","Generals Guisan-Str. 40","8401","Winterthur","","Inland","","","","","","16.09.2009","","","",""
"17484","Axone SA","1015","","","","022 312 5656","0.00","","info@nomino.com","","2, cours de Rive","1204","Genève","","Inland","","","","","","24.04.2015","","","",""
"17486","Axone SA","1016","","","","022 312 5656","0.00","","info@nomino.com","","2, cours de Rive","1204","Genève","","Inland","","","","","","24.04.2015","","","",""
"17123","Backbone Solutions AG","1006","","","","044 276 19 19","0.00","","info@sipcall.OMIT.ch","","Chaltenbodenstrasse 4b","8834","Schindellegi","","Inland","","","","CH","","13.04.2015","","","",""
"29582","Baobao Chen","1437","","","","","0.00","","","","Fuxing road Futian District","518000","Shenzhen","","Inland","501288178421093","","","","","28.02.2017","","","",""
"","","","","","","","","","","","","","","","","","","","","","","","","",""
"16990","Baumann Peter","999","","","","","0.00","","","","","","","","Inland","","","","","","08.04.2015","","","",""
"2084","Benno-Shop, IT Ankauf.ch","007","","","","079 422 37 82","0.00","081 723 39 26","infos@benno-shop.ch","","alte Stadtergasse 3","7320","Sargans","","Inland","Benno160510","","","","","16.09.2009","","","",""
"","","","","","","","","","","","","","","","","","","","","","","","","",""
"24984","Bibi Abdul","36","","","","","0.00","","ambhati@hotmail.com","","30, campbell street","BL4 7HH","Boltion","","Inland","1669345559017","","","UK","","01.07.2016","","","",""
"","","","","","","","","","","","","","","","","","","","","","","","","",""
"32051","Bierhaus Machold","1525","","","","","0.00","","","","Heerstr. 52","53111","Bonn","","Inland","","","","","","16.08.2017","","","",""
"441175","bloosite AG","139","","","","","0.00","","","","Obermühle 20","8353","Elgg","","Inland","","","","Schweiz","","28.01.2026","","Nein","Ja",""
"2376","Blum Raphael","12","","","","","0.00","","","","","","","","Inland","","","","","","16.02.2010","","","",""
"58913","Booking.comBV","87","","","","","0.00","","paypal.b2@booking.com","","","","","","Inland","","","","","","12.08.2019","","Nein","Ja",""
"387263","Brack.ch AG","3104","","","","","0.00","","","","","","Mägenwil","","Inland","","","","","","25.07.2023","","Nein","Ja",""
"32054","BSVG/VRB","1526","","","","","0.00","","","","","","Braunschweig","","Inland","","","","","","16.08.2017","","","",""
"38198","Bucher Daniel","73","","","","079 951 56 11","0.00","","danibucher@outlook.com","","Wehntalerstrasse 567","8046","Zürich","","Inland","2687023","","","","","09.04.2018","","","",""
"","","","","","","","","","","","","","","","","","","","","","","","","",""
"17325","Bürotechnik Kempf Gmbh","1011","","","","","0.00","","","","Waldhof 10","8585","Langrickenbach","","Inland","","","","CH","","20.04.2015","","","",""
"32026","Café Zähringer","1521","","","","044 252 05 00","0.00","","","","Zähringerplatz 11","8001","Zürich","","Inland","","","","","","16.08.2017","","","",""
"37315","Caritas","70","","","","","0.00","","","","Reitergasse 1","8004","Zürich","","Inland","","","","","","12.03.2018","","","",""
"19717","Cheap-Batteries.com","1077","","","","(718) 491-2704","0.00","","info@cheap-batteries.com","","140 58th Street # 5-F","11220","Brooklyn, New York","","Inland","","","","","","03.09.2015","","","",""
"","","","","","","","","","","","","","","","","","69088956691093","","","","","","","",""
"28318","Chornlade","1380","","","","044 271 70 97","0.00","","info@chornlade.ch","","Fierzgasse 16","8005","Zürich","","Inland","","","","","","16.12.2016","","","",""
"383051","Christian Rüedi AG","112","","","","","0.00","","","","","","Wetzikon","","Inland","","","","","","29.05.2023","","Nein","Ja",""
"22783","ChuangShengDa Technology Co.,Ltd","1175","Ms. Apple Zhang","","","","0.00","","zhle550@hotmail.com","","2nd Floor 21#, the third alley Chang Keng three zone, BanTian","618000","Shenzhen, Guangdong","","Inland","70268673681093","","","China","","07.02.2016","","","",""
"","","","","","","","","","","","","","","","","","","","","","","","","",""
"17633","Conrad Electronic AG","1020","","","","0848 80 12 80","0.00","0848 80 12 81","sales@conrad.ch","","Roosstrasse 53","8832","Wollerau","","Inland","","","","Schweiz","","06.05.2015","","","",""
"","","","","","","","","","","","","","","","","","3","","","","","","","",""
"16818","coop","17","","","","","0.00","","","","","8037","Zürich","","Inland","05691001493220010001241","","","","","19.03.2015","","","",""
"","","","","","","","","","","","","","","","","","","","","","","","","",""
"387374","Copytron GmbH","3107","","","","","0.00","","","","Industriestr. 44","8152","Glattbrugg","","Inland","","","","","","27.07.2023","","Nein","Ja",""
"17738","Cornerstone Software","1025","","","","","0.00","","dwallen41@yahoo.com","","","","","","Inland","","","","","","11.05.2015","","","",""
"23284","CY.CPU","1186","chuangbin wang","","","","0.00","","","","","","Shenzhen, Guangdong","","Inland","","73386127551093","","China","","03.03.2016","","","",""
"","","","","","","","","","","","","","","","","","","","","","","","","",""
"17190","Cyprian Zydek","1004","","","","","0.00","","","","","","","","Inland","","","","DE","","14.04.2015","","","",""
"58915","DB Vertrieb GmbH","88","","","","","0.00","","paypal@deutschebahn.com","","","","","","Inland","","","","","","12.08.2019","","Nein","Ja",""
"18724","derakku.com","1043","","","","","0.00","","service@derakku.com","","","","","","Inland","48F34138VP351392C","10","","Schweiz","","14.07.2015","","","",""
"","","","","","","","","","","","","","","","","","10","","","","","","","",""
"","","","","","","","","","","","","","","","","","","","","","","","","",""
"16927","DHL","993","","","","0848 711 911","0.00","","","","Pumpwerkstrasse 51","8105","Regensdorf","","Inland","2037720","","","","","25.03.2015","","","",""
"","","","","","","","","","","","","","","","","","","","","","","","","",""
"48869","Digi-Key Electronics","85","","","","0800-561-882","0.00","","eu.support@digikey.com","","P.O. Box 52","7500","AB Enschede","","Inland","","44","","Niederlande","","12.11.2018","","Nein","Ja",""
"","","","","","","","","","","","","","","","","","57325930","","","","","","","",""
"","","","","","","","","","","","","","","","","","","","","","","","","",""
"391678","Digitale Gesellschaft","128","","","","","0.00","","","","","","Basel","","Inland","","","","","","19.09.2023","","Nein","Ja",""
"1749","Digitec","001","","","","0848 00 88 00","0.00","0848 00 88 01","digitec@digitec.ch","","Pfingstweidstrasse 60","8005","Zürich","","Inland","8659123","8659123","","","","04.09.2009","","","",""
"","","","","","","","","","","","","","","","","16436362","","","","","","","","",""
"","","","","","","","","","","","","","","","","","37","","","","","","","",""
"","","","","","","","","","","","","","","","","26426664","","","","","","","","",""
"","","","","","","","","","","","","","","","","14662872","","","","","","","","",""
"","","","","","","","","","","","","","","","","4950484","","","","","","","","",""
"","","","","","","","","","","","","","","","","12965055","","","","","","","","",""
"","","","","","","","","","","","","","","","","5302607","","","","","","","","",""
"","","","","","","","","","","","","","","","","","50","","","","","","","",""
"","","","","","","","","","","","","","","","","","","","","","","","","",""
"","","","","","","","","","","","","","","","","8643388","","","","","","","","",""
"","","","","","","","","","","","","","","","","9068949","","","","","","","","",""
"383656","Dilo Can Gastro GmbH","121","","","","","0.00","","","","","","Zürich","","Inland","","","","","","05.06.2023","","Nein","Ja",""
"33026","Discounted Laptop Parts","59","ebay (348126)","","","","0.00","","","","225 Live Oaks Blvd","FL 32707","Casselberry","","Inland","970661","382136711775","","USA","","18.10.2017","","","",""
"","","","","","","","","","","","","","","","","","382136711775","","","","","","","",""
"","","","","","","","","","","","","","","","","","","","","","","","","",""
"33812","Discount Projector Lamp Store","63","","Ali Express","Store No.1261688","18620469223","0.00","","","","","","Anhui","","Inland","","","","China","","30.11.2017","","","",""
"","","","","","","","","","","","","","","","","","504478888401093","","","","","","","",""
"","","","","","","","","","","","","","","","","504478888401093","","","","","","","","",""
"2334","Distrelec","11","","","","","0.00","","","","","","","","Inland","","1000914128","","","","16.02.2010","","","",""
"","","","","","","","","","","","","","","","","","","","","","","","","",""
"","","","","","","","","","","","","","","","","5755270","","","","","","","","",""
"","","","","","","","","","","","","","","","","5684681","","","","","","","","",""
"","","","","","","","","","","","","","","","","","390 9096/001","","","","","","","",""
"","","","","","","","","","","","","","","","","","1000914128","","","","","","","",""
"27518","Doyle technology co., LTD","44","","Aliexpress","Store No.720896","","0.00","","","","","","","","Inland","","19","","China","","21.11.2016","","","",""
"","","","","","","","","","","","","","","","","","","","","","","","","",""
"","","","","","","","","","","","","","","","","1111","","","","","","","","",""
"22882","DP-Tech GmbH","30","","","","","0.00","","kundenservice@dp-tech.de","","Aluminiumstr. 1","84513","Töging am Inn","","Inland","","","","Deutschland","","10.02.2016","","","",""
"","","","","","","","","","","","","","","","","TGU369685482","","","","","","","","",""
"387273","Drogama Apotheke","3105","","","","","0.00","","","","","","Zürich","","Inland","","","","","","25.07.2023","","Nein","Ja",""
"384201","Ebay","127","","","","","0.00","","","","","","","","Inland","","","","","","13.06.2023","","Nein","Ja",""
"31983","Ebay/PAYPAL *JORDAN918*","56","","","","","0.00","","","","","","","","Inland","","30","","","","16.08.2017","","","",""
"","","","","","","","","","","","","","","","","0SG79164K2708645L","","","","","","","","",""
"","","","","","","","","","","","","","","","","","","","","","","","","",""
"31427","Ebuy Limited","54","","","","+86 08613421810214","0.00","","wzxeu8@126.com","","","","","","Inland","","","","","","05.07.2017","","","",""
"","","","","","","","","","","","","","","","","","28","","","","","","","",""
"","","","","","","","","","","","","","","","","8N679101YB802531G","","","","","","","","",""
"17724","e-CyclePro3","18","","","","","0.00","","","","","","Lecanto FL 34461","","Inland","","","","USA","","11.05.2015","","","",""
"394741","EET Schweiz GmbH","132","","","","","0.00","","","","","","","","Inland","","","","","","17.10.2023","","Nein","Ja",""
"387377","Elektrizitätswerk der Stadt Zürich","3108","","","","","0.00","","","","Tramstrasse 35","8050","Zürich","","Inland","","","","","","27.07.2023","","Nein","Ja",""
"383220","Entsorgung und Recycling Zürich","120","","","","","0.00","","","","","","Zürich","","Inland","","","","","","30.05.2023","","Nein","Ja",""
"2309","Evang. Ref. Kirchgemeinde","9","","","","","0.00","","","","Rosengartenstr. 1A","8037","Zürich-Wipkingen","","Inland","","","","","","16.02.2010","","","",""
"23747","fantastitrader14","1218","","","","","0.00","","fantastictraders14@gmail.com","","","","","","Inland","","","","Grossbritannien","","24.03.2016","","","",""
"","","","","","","","","","","","","","","","","1484323808008","","","","","","","","",""
"2076","Farbax Vertriebs AG","003","","","","044 745 10 10","0.00","044 475 10 11","info@farbax.com","","Riedstrasse 12","8953","Dietikon","","Inland","","","","","","16.09.2009","","","",""
"19512","FedEx","1071","","","","0848 133 339","0.00","","billch@fedex.com","CHE-106.088.063 TVA","Rue des Ateliers 9","1217","Meyrin","","Inland","2-211-26700","","","","","24.08.2015","","","",""
"","","","","","","","","","","","","","","","","","","","","","","","","",""
"391684","FOLETTI COMPUTER","129","","","","","0.00","","","","","","","","Inland","","","","","","19.09.2023","","Nein","Ja",""
"388066","Galaxus","3123","","","","","0.00","","","","","","","","Inland","","","","","","09.08.2023","","Nein","Ja",""
"51212","Gebraucht-Notebook.de","86","","","","0049 2352 335766","0.00","","info@gebraucht-notebook.de","","Brunnenstrasse 10","58762","Altena","","Inland","","","","Deutschland","","07.01.2019","","Nein","Ja",""
"","","","","","","","","","","","","","","","","20182535R","","","","","","","","",""
"395338","GENOSSENSCHAFT CHORNLADE","133","","","","","0.00","","","","","","Zürich","","Inland","","","","","","24.10.2023","","Nein","Ja",""
"382821","Genossenschaft Infolink","111","","","","","0.00","","","","","","Zürich","","Inland","","","","","","23.05.2023","","Nein","Ja",""
"383676","Glattwägs","124","","","","","0.00","","","","","","Zürich","","Inland","","","","","","05.06.2023","","Nein","Ja",""
"2094","green.ch ag","012","","","","056 460 23 23","0.00","056 460 23 00","","","Badstrasse 50","5201","Brugg","","Inland","","","","","","16.09.2009","","","",""
"383077","Handelsregisteramt des Kanton Zürich","115","","","","","0.00","","","","","","Zürich","","Inland","","","","","","29.05.2023","","Nein","Ja",""
"29717","Hauck Ralph","47","","","","","0.00","","ralph_hauck@hotmail.ch","","","9122","Mogelsberg","","Inland","","","","","","08.03.2017","","","",""
"","","","","","","","","","","","","","","","","889594636","","","","","","","","",""
"33527","Hilti","60","","","","0844 84 84 85","0.00","","info@hilti.ch","","Schaffhauserstrasse 418","8050","Zürich","","Inland","","","","","","13.11.2017","","","",""
"27750","hk-greatdeal2009","1353","","","","","0.00","","","","","","Hongkong","","Inland","692858391026","22","","China","","26.11.2016","","","",""
"","","","","","","","","","","","","","","","","","22","","","","","","","",""
"","","","","","","","","","","","","","","","","","","","","","","","","",""
"19024","Homes Deco Ltd.","1044","","","","","0.00","","homesdeco@live.co.uk","","","","","","Inland","","","","England","","27.07.2015","","","",""
"","","","","","","","","","","","","","","","","","251825277857","","","","","","","",""
"","","","","","","","","","","","","","","","","53812077C8773824X","","","","","","","","",""
"18776","HOP ZUERI","21","","","","","0.00","","","","FRIEDAUSTR. 17","8040","ZÜRICH","","Inland","","","","","","15.07.2015","","","",""
"382171","Horber Emil","109","","","","","0.00","","","","","","Zürich","","Inland","","","","","","09.05.2023","","Nein","Ja",""
"23858","Hotel Römerhof","1219","","","","","0.00","","","","","","Bonn","","Inland","","","","Deutschland","","31.03.2016","","","",""
"35831","HSW laptop factory Store","67","","","","","0.00","","","","","","","","Inland","","","","China","","08.02.2018","","","",""
"","","","","","","","","","","","","","","","","505258316081093","","","","","","","","",""
"383217","IL BASILICO GMBH","119","","","","","0.00","","","","","","Zürich","","Inland","","","","","","30.05.2023","","Nein","Ja",""
"58958","Informatik","90","","","","","0.00","","micro@informatikshop.com","","","","","","Inland","","","","","","12.08.2019","","Nein","Ja",""
"17346","Ing Belgium","1013","","Geneva Branch","","","0.00","","","","","","Brussels","","Inland","","","","BE","","21.04.2015","","","",""
"4025","Init7 (Schweiz) AG","13","","","","+41 44 315 44 00","0.00","","info@init7.net","","Technoparkstrasse 5","8406","Winterthur","","Inland","","","","CH","","29.12.2011","","Nein","Ja",""
"4430","Inkolor.ch GmbH","14","","","","041 675 03 77","0.00","","info@inkolor.ch","","Rebstock 14","6074","Giswil","","Inland","","","","","","16.02.2012","","","",""
"19485","Interdiscount","23","","","","","0.00","","","","","","Zürich","","Inland","","","","","","24.08.2015","","","",""
"","","","","","","","","","","","","","","","","0002978","","","","","","","","",""
"2292","Internet.ch IT AG","6","","","","","0.00","","","","","","","","Inland","","","","","","16.02.2010","","","",""
"38033","ipc","72","","","","","0.00","","","","","","","","Inland","","","","","","03.04.2018","","","",""
"7880","IPC-Computer Deutschland GmbH","16","","","","0049 7823 96123 0","0.00","","info@ipc-computer.de","","Eisenbahnstr. 20","77960","Seelbach","","Inland","5TB76078WE526820H","","","Deutschland","","09.03.2013","","","",""
"","","","","","","","","","","","","","","","","","42","","","","","","","",""
"","","","","","","","","","","","","","","","","","46","","","","","","","",""
"","","","","","","","","","","","","","","","","","47","","","","","","","",""
"","","","","","","","","","","","","","","","","","543861","","","","","","","",""
"","","","","","","","","","","","","","","","","","AU2018113","","","","","","","",""
"","","","","","","","","","","","","","","","","","41","","","","","","","",""
"","","","","","","","","","","","","","","","","","AU2018310","","","","","","","",""
"","","","","","","","","","","","","","","","","137370225","","","","","","","","",""
"","","","","","","","","","","","","","","","","1478160","","","","","","","","",""
"","","","","","","","","","","","","","","","","1814478","","","","","","","","",""
"","","","","","","","","","","","","","","","","1875188","","","","","","","","",""
"","","","","","","","","","","","","","","","","2037720","","","","","","","","",""
"","","","","","","","","","","","","","","","","2039439","","","","","","","","",""
"","","","","","","","","","","","","","","","","","","","","","","","","",""
"","","","","","","","","","","","","","","","","2128980","","","","","","","","",""
"26730","jessen*daisy","40","","","","18938164898","0.00","","","","","","","","Inland","1607427875007","17","","China","","21.10.2016","","","",""
"","","","","","","","","","","","","","","","","","17","","","","","","","",""
"","","","","","","","","","","","","","","","","","","","","","","","","",""
"2074","jET Schweiz IT AG","002","","","","052 742 99 99","0.00","052 742 99 00","a.vogelsanger@jet.ch","","Wiesholz 452","8262","Ramsen","","Inland","","","","","","16.09.2009","","","",""
"","","","","","","","","","","","","","","","","","","1","","","","","","",""
"23259","Jinhua Guanze Electron Co., Ltd.","1185","Ms. JIA FANG","","","","0.00","","","","DANXIDANDAO1171","321000","Shenzhen, Guangdong","","Inland","73373403951093","73373403951093","","China","","03.03.2016","","","",""
"","","","","","","","","","","","","","","","","","","","","","","","","",""
"","","","","","","","","","","","","","","","","","73373403951093","","","","","","","",""
"22788","JK Computer Parts","1176","","","","440 510 8154","0.00","","jkcompparts@gmail.com, support@jkcomputerparts.com","","29607 Hall St","44139","Solon, Ohio","","Inland","1154587532003","","","USA","","07.02.2016","","","",""
"","","","","","","","","","","","","","","","","","","","","","","","","",""
"","","","","","","","","","","","","","","","","1393135585005","","","","","","","","",""
"394682","Job-Vermittlung Wipkingen Zügelhilf","131","","","","","0.00","","","","","","Wipkingen","","Inland","","","","","","16.10.2023","","Nein","Ja",""
"15556","Jumbo","940","","","","","0.00","","","","","","","","Inland","","","","","","14.01.2015","","","",""
"2092","JVC Construction AG","011","","","","044 491 33 93","0.00","044 491 33 94","","","Postfach 369","8047","Zürich","","Inland","","","","","","16.09.2009","","","",""
"2287","Kägi Jakob","5","","","","","0.00","","","","","","","","Inland","","","","","","16.02.2010","","","",""
"22938","KANGDA Digital Technology's store","1180","","","","","0.00","","szkangda2011@gmail.com","","","","","","Inland","","","","China","","11.02.2016","","","",""
"","","","","","","","","","","","","","","","","70433362391093","","","","","","","","",""
"","","","","","","","","","","","","","","","","71425526361093","","","","","","","","",""
"438059","Kantonales Steueramt","138","","","","","0.00","","","","","","","","Inland","","","","","","14.09.2025","","Nein","Ja",""
"34334","Khallef Abdelhak","64","","","","","0.00","","abdelhak.khallef@revamp-it.ch","","","","","","Inland","","","","","","28.12.2017","","","",""
"","","","","","","","","","","","","","","","","1","","","","","","","","",""
"383056","Kivitendo GmbH","113","","","","","0.00","","","","","","Bonn","","Inland","","","","","","29.05.2023","","Nein","Ja",""
"436410","KLDiscovery Limited SW","137","","","","","0.00","","","","HANNS-KLEMM-STRASSE 5","71'34","Böblingen","","Inland","","","","Deutschland","","25.05.2025","","Nein","Ja",""
"17731","Kohlmeyer Rolf","1018","","","","","0.00","","","","Lessingstrasse 5","06844","Dessau","","Inland","","","","","","11.05.2015","","","",""
"16959","Kulhavy Karel","996","","","","+41 77 437 637 8","0.00","","twibright@hispeed.ch","","Lägernstrasse 21","8037","Zürich","","Inland","Karel04012016","","","CH","","07.04.2015","","","",""
"","","","","","","","","","","","","","","","","","","","","","","","","",""
"26587","L2 Computer Inc.","39","James Liu","","","212-315-1688","0.00","","order@l2computerinc.com","","726 10th Ave.","NY 10019","New York","","Inland","","","","USA","","16.10.2016","","","",""
"","","","","","","","","","","","","","","","","","1661394279011","","","","","","","",""
"","","","","","","","","","","","","","","","","1661394279011","","","","","","","","",""
"31546","LAI GUANG MING","55","","","","","0.00","","adapter888@gmail.com","","","","","","Inland","2P1416221W452354A","29","","","","12.07.2017","","","",""
"","","","","","","","","","","","","","","","","","29","","","","","","","",""
"61876","LAI GUANG MING","96","","","","","0.00","","adapter888@gmail.com","","","","","","Inland","","","","","","24.10.2019","","Nein","Ja",""
"31546","LAI GUANG MING","55","","","","","0.00","","adapter888@gmail.com","","","","","","Inland","","","","","","12.07.2017","","","",""
"19539","Laptiptop e.K","25","","","","+49 9367 98881 0","0.00","+49 9367 98881 29","info@laptiptop.com","","An der Spielleite 11","97294","Unterpleichfeld","","Inland","RN233419","","","Deutschland","","25.08.2015","","","",""
"","","","","","","","","","","","","","","","","","","","","","","","","",""
"33720","laptop-battery-shop.com","62","","Fortune Buiding 111 Pak Tai","","+852-23653488","0.00","","service@laptop-battery-shop.com","","Street Tokwawan","","Kowloon, HongKong","","Inland","","","","","","27.11.2017","","","",""
"30520","Laptop-LCD-Screen.co.uk","50","","","","+44 (0) 203 355 9521","0.00","","","","5 High Street, Maidenhead","SL6 1JN","Berkshire","","Inland","3X499345ME668914U","25","","UNITED KINGDOM","","27.04.2017","","","",""
"","","","","","","","","","","","","","","","","","","","","","","","","",""
"","","","","","","","","","","","","","","","","51637","","","","","","","","",""
"","","","","","","","","","","","","","","","","3X499345ME668914U","","","","","","","","",""
"","","","","","","","","","","","","","","","","","25","","","","","","","",""
"30723","LAPTOPSCREEN.COM","51","","","","","0.00","","","","1073 Churchill Cres.","V7P1P9","North Vancouver, BC","","Inland","","1494420324","","Canada","","10.05.2017","","","",""
"","","","","","","","","","","","","","","","","","51","","","","","","","",""
"","","","","","","","","","","","","","","","","1494420324","","","","","","","","",""
"","","","","","","","","","","","","","","","","1570028255","","","","","","","","",""
"","","","","","","","","","","","","","","","","","","","","","","","","",""
"32748","laptopscreenwholesale@gmail.com","58","","","","","0.00","","","","","","","","Inland","","","","","","04.10.2017","","","",""
"","","","","","","","","","","","","","","","","","53631","","","","","","","",""
"","","","","","","","","","","","","","","","","4523-1507114308","","","","","","","","",""
"","","","","","","","","","","","","","","","","53631","","","","","","","","",""
"","","","","","","","","","","","","","","","","","35","","","","","","","",""
"23277","LCD Kings","33","","","","","0.00","","","","","","","","Inland","","","","Grossbritannien","","03.03.2016","","","",""
"","","","","","","","","","","","","","","","","","528904469027","","","","","","","",""
"383708","Lebrument GmbH","125","","","","","0.00","","","","","","","","Inland","","","","","","05.06.2023","","Nein","Ja",""
"29838","Leetomi","1445","","","","","0.00","","","","","","","","Inland","1327863475003","","","","","10.03.2017","","","",""
"","","","","","","","","","","","","","","","","","","","","","","","","",""
"59707","Leuenberger Hans","2381","","","","071 911 37 77, 079 400 21 81","0.00","","haleu42@talent.ch","","Bahnhofstrasse 22","9553","Bettwiesen","","Inland","","","","","","31.08.2019","","Nein","Ja",""
"27431","Levin Mosi","1366","","","","","0.00","","mosi.levin@revamp-it.ch","","","","","","Inland","Oskar18122019","","","","","18.11.2016","","","",""
"","","","","","","","","","","","","","","","","Oskar06022020","","","","","","","","",""
"","","","","","","","","","","","","","","","","ML1","","","","","","","","",""
"","","","","","","","","","","","","","","","","","","","","","","","","",""
"","","","","","","","","","","","","","","","","","Oskar18122019","","","","","","","",""
"19296","Lieferant A","22","","","","","0.00","","","","Neue Strasse 17","5000","Aaruu","","Inland","","","","CH","","14.08.2015","","","",""
"","","","","","","","","","","","","","","","","","","3","","","","","","",""
"383662","Lieferwagen Rental GmbH","122","","","","","0.00","","","","Luchswiesenstr. 220","8051","Zürich","","Inland","","","","","","05.06.2023","","Nein","Ja",""
"31876","Lx-System","1516","Holger Lindemann","","","0731 / 602 81 19","0.00","","hli@lx-system.de","","Ensinger Strasse 19","89073","Ulm","","Inland","","","","D","","15.08.2017","","","",""
"48844","Maier Hansjörg","2110","","","","032 341 04 11 , 078 737 00 27","0.00","","hansjoergmaier@bluewin.ch","","Dählenweg 49","2501","Biel","","Inland","Q2018001","","","","","10.11.2018","","Nein","Ja",""
"","","","","","","","","","","","","","","","","","","","","","","","","",""
"17303","MarkIT Gmbh","1010","","","","","0.00","","","","Seestrasse 176","8806","Bäch","","Inland","","","","CH","","20.04.2015","","","",""
"2297","Microspot.ch","7","","","","031 853 53 53","0.00","","support@microspot.ch","CHE-116.311.185 MWST","Moosstrasse 23","3302","Moosseedorf","","Inland","143295762","0124630335","","","","16.02.2010","","","",""
"","","","","","","","","","","","","","","","","142908530","","","","","","","","",""
"","","","","","","","","","","","","","","","","","","","","","","","","",""
"","","","","","","","","","","","","","","","","","0124630335","","","","","","","",""
"","","","","","","","","","","","","","","","","","0124706543","","","","","","","",""
"","","","","","","","","","","","","","","","","","0124872786","","","","","","","",""
"381136","Migrol","102","","","","","0.00","","","","","","Zürich","","Inland","","","","","","27.04.2023","","Nein","Ja",""
"28321","MIGROS Genossenschaft Zürich","1381","","","","","0.00","","","","","","","","Inland","","","","","","16.12.2016","","","",""
"436352","Migros Pensionskasse MPK","136","","","","","0.00","","","","","","","","Inland","","","","","","24.05.2025","","Nein","Ja",""
"402598","MIGROS ZÜRICH CITY","3252","","","","","0.00","","","","","","Zürich","","Inland","","","","","","21.02.2024","","Nein","Ja",""
"19440","Mike Testet Kivi 2","1058","","","","","0.00","","","","Dietzingerstrasse 14","8003","Zürich","","Inland","","11","","Schweiz","","21.08.2015","","","",""
"","","","","","","","","","","","","","","","","","","","","","","","","",""
"23900","mikew2002","1228","","","","","0.00","","","","","","","","Inland","","","","Kanada","","01.04.2016","","","",""
"","","","","","","","","","","","","","","","","1069504223010","","","","","","","","",""
"35199","MissXiaoMo Store","Store No.1228758","","","","","0.00","","","","","","","","Inland","","","","China","","25.01.2018","","","",""
"35201","MissXiaoMo Store","1228758","","","","","0.00","","","","","","","","Inland","","505237890621093","","China","","25.01.2018","","","",""
"","","","","","","","","","","","","","","","","","","","","","","","","",""
"","","","","","","","","","","","","","","","","505237890621093","","","","","","","","",""
"16973","NEST","998","","","","","0.00","","","","","","","","Inland","","","","","","07.04.2015","","","",""
"41792","notebook-equipments","79","","","","","0.00","","","","","","","","Inland","","1547651436014","","Deutschland","","22.06.2018","","","",""
"","","","","","","","","","","","","","","","","","","","","","","","","",""
"","","","","","","","","","","","","","","","","15476514360","","","","","","","","",""
"27018","notebooksoutlet","41","","","","","0.00","","","","","","","","Inland","","","","","","01.11.2016","","","",""
"","","","","","","","","","","","","","","","","","18","","","","","","","",""
"18494","notebook spares","1032","","","","+44 0208 848 4445","0.00","","info@technologyvs.co.uk","","9 North Hyde Road","UB3 4NJ","Hayes, Middlesex","","Inland","4RK372824Y777884F","7","","United Kingdom","","29.06.2015","","","",""
"","","","","","","","","","","","","","","","","","","","","","","","","",""
"","","","","","","","","","","","","","","","","","7","","","","","","","",""
"388308","öbu - Der Verband für nachhaltiges Wirtschaften","3124","","","","","0.00","","","","","","Zürich","","Inland","","","","","","15.08.2023","","Nein","Ja",""
"17168","Online-Shopping","1008","","","","","0.00","","","","","","","","Inland","","","","","","14.04.2015","","","",""
"24691","Orell Füssli","1249","","","","","0.00","","","","","","","","Inland","9783836237116","","","","","06.06.2016","","","",""
"","","","","","","","","","","","","","","","","","","","","","","","","",""
"29768","Pan'shop","48","","","","","0.00","","","","","","Guangdong","","Inland","","","","","","09.03.2017","","","",""
"","","","","","","","","","","","","","","","","501815588441093","","","","","","","","",""
"","","","","","","","","","","","","","","","","501815588441093","","","","","","","","",""
"30907","Parts-People.com, Inc.","52","","","","512-339-1990 / 866-816-5254","0.00","","info@parts-people.com","","2929 Longhorn Blvd, Suite #101","78758-7514","Austin, Texas","","Inland","512864","26","","United States of America","","22.05.2017","","","",""
"","","","","","","","","","","","","","","","","","26","","","","","","","",""
"","","","","","","","","","","","","","","","","","","","","","","","","",""
"23882","Paypal Pte. Ltd.","1223","","","","00353 1 436 90 81","0.00","","","","5 Temasek Boulevard, #09-01 Suntec Tower Five","038985","Singapore","","Inland","","","","Singapore","","31.03.2016","","","",""
"7378","PC Engines GmbH","15","Pascal Dornier","","","043 321 21 79","0.00","","orders@pcengines.ch","CH555610","Flughofstr. 58","8152","Glattbrugg","","Inland","w40893","","","Schweiz","","18.01.2013","","","",""
"","","","","","","","","","","","","","","","","","","","","","","","","",""
"26017","PC Nanny Studio","38","","","","","0.00","","","","Wuhe Ave","518000","Shenzhen Guangdong","","Inland","","","","China","","06.09.2016","","","",""
"","","","","","","","","","","","","","","","","78173129461093","","","","","","","","",""
"23861","Pearson VUE","1220","","","","","0.00","","","","5601 Green Valley Drive","MN 55437-1099","Bloomington","","Inland","800-511-3478","","","USA","","31.03.2016","","","",""
"","","","","","","","","","","","","","","","","","","","","","","","","",""
"","","","","","","","","","","","","","","","","800-511-3478","","","","","","","","",""
"60229","Pentagon Infotech","92","","","","","0.00","","","","Bahnhostrasse 9","71679","Asperg","","Inland","E2019-0384","48","","DE","","10.09.2019","","Nein","Ja",""
"","","","","","","","","","","","","","","","","","","","","","","","","",""
"","","","","","","","","","","","","","","","","","48","","","","","","","",""
"22903","Pkcell","31","","","","","0.00","","","","","","","","Inland","","","","","","10.02.2016","","","",""
"383734","Planzer AG","126","","","","","0.00","","","","","","Zürich","","Inland","","","","","","05.06.2023","","Nein","Ja",""
"15296","Post CH AG","927","","Postverzollung","","0848 639 639","0.00","","","","","8010","Zürich-Mülligen","","Inland","9787646183","","","","","24.12.2014","","","",""
"","","","","","","","","","","","","","","","","-","","","","","","","","",""
"","","","","","","","","","","","","","","","","","","","","","","","","",""
"","","","","","","","","","","","","","","","","3005294012","","","","","","","","",""
"2278","Postfinance","3","","","","","0.00","","","","","","Bern","","Inland","","","","","","16.02.2010","","","",""
"34543","power4laptops","1592","","","","","0.00","","","","","","","","Inland","","","","UK","","12.01.2018","","","",""
"","","","","","","","","","","","","","","","","82U538005N930812X","","","","","","","","",""
"387370","Privatklinik Wyss AG","3106","","","","","0.00","","","","Münchenbuchse","","","","Inland","","","","","","27.07.2023","","Nein","Ja",""
"2303","Publifon","8","","","","","0.00","","","","","","","","Inland","","","","","","16.02.2010","","","",""
"17539","Pusterla AG","1017","","","","","0.00","","","","","8004","Zürich","","Inland","","","","","","28.04.2015","","","",""
"","","","","","","","","","","","","","","","","7558B000","","","","","","","","",""
"","","","","","","","","","","","","","","","","6292B000, 6206B000","","","","","","","","",""
"17756","QTC spares","1028","","","","","0.00","","owner@qtcspares.co.uk","","","","","","Inland","","","","","","11.05.2015","","","",""
"17741","raminselectronicandcomputers","1026","","","","","0.00","","itcomponentsrus@googlemail.com","","","","","","Inland","","","","Grossbritannien","","11.05.2015","","","",""
"35806","RC laptop NO.3 Store","66","","","","","0.00","","","","","","Guangdong","","Inland","89596613941093","","","China","","08.02.2018","","","",""
"","","","","","","","","","","","","","","","","","","","","","","","","",""
"17746","Recycle-IT","1027","Ruth Kapadia","","","","0.00","","","","76 Somerset Road","","Bristol BS4 2HY UK","","Inland","","","","Grossbritannien","","11.05.2015","","","",""
"41181","Reichelt Elektronik GmbH & Co. KG","76","","","","0049 4422 955 333","0.00","","","","Elektronikring 1","26452","Sande","","Inland","","","","D","","15.06.2018","","","",""
"","","","","","","","","","","","","","","","","","I-719695","","","","","","","",""
"383089","René Dräyer Schreinerei","117","","","","","0.00","","","","","4853","Ryken AG","","Inland","","","","","","29.05.2023","","Nein","Ja",""
"23874","Require IT Ltd.","1221","","","","","0.00","","itcellar@googlemail.com","","12A Sterling Complex, Farthing Road Ind. Est","IP1 5AP","Ipswich, Suffolk","","Inland","","","","Grossbritannien","","31.03.2016","","","",""
"","","","","","","","","","","","","","","","","307725328018","","","","","","","","",""
"383202","RESTAURANT DAPIZI","118","","","","","0.00","","","","","","Zürich","","Inland","","","","","","30.05.2023","","Nein","Ja",""
"32048","Restaurant Makiman","1524","","","","","0.00","","","","Sterntorbrücke","53111","Bonn","","Inland","","","","D","","16.08.2017","","","",""
"383667","Restaurant St Gallerhof","123","","","","","0.00","","","","","","Zürich","","Inland","","","","","","05.06.2023","","Nein","Ja",""
"383086","Ricardo","116","","","","","0.00","","","","","","","","Inland","","","","","","29.05.2023","","Nein","Ja",""
"31968","Richardson & Büren","1519","","","","","0.00","","","","Weiherstr. 33a","53111","Bonn","","Inland","","","","D","","16.08.2017","","","",""
"24075","rnrcomputer","35","","","","","0.00","","","","","","","","Inland","0FX56938YC026542H","","","USA","","13.04.2016","","","",""
"","","","","","","","","","","","","","","","","","","","","","","","","",""
"18556","Robin Cerny","19","","","","","0.00","","","","Röschibachstrasse 24/26","8037","Zürich","","Inland","","","","Schweiz","","06.07.2015","","","",""
"","","","","","","","","","","","","","","","","","8","","","","","","","",""
"","","","","","","","","","","","","","","","","L1213","","","","","","","","",""
"61866","Sai Kit Yeung","95","","","","","0.00","","","","","","","","Inland","","","","","","24.10.2019","","Nein","Ja",""
"381251","San Gennaro GmbH","106","","","","","0.00","","","","Hönggerstr. 43","8037","Zürich","","Inland","","","","","","28.04.2023","","Nein","Ja",""
"16911","Sarl Orient Phone","992","","","","","0.00","","","","01 Rue Vacon","13001","Marseille","","Inland","","","","Frankreich","","25.03.2015","","","",""
"16970","S. AUFFANGEIN. BVG RATE","997","","","","","0.00","","","","","8070","ZÜRICH","","Inland","","","","CH","","07.04.2015","","","",""
"17050","SBB","1003","","","","","0.00","","","","","","","","Inland","","","","CH","","10.04.2015","","Nein","Ja",""
"","","","","","","","","","","","","","","","","0080 30081 07030851","","","","","","","","",""
"","","","","","","","","","","","","","","","","00802925624021346, 25705331725021535","","","","","","","","",""
"","","","","","","","","","","","","","","","","253 296699 08030923","","","","","","","","",""
"","","","","","","","","","","","","","","","","296 226202 17051356","","","","","","","","",""
"","","","","","","","","","","","","","","","","05001670324110736","","","","","","","","",""
"","","","","","","","","","","","","","","","","0500 23875 04030743","","","","","","","","",""
"58962","sb-electronics GmbH","91","","","","","0.00","","","","","","","","Inland","","","","","","12.08.2019","","Nein","Ja",""
"32042","Schliesstechnik ZH GmbH","1522","","","","","0.00","","","","Morgartenstr. 11","8004","Zürich","","Inland","","","","","","16.08.2017","","","",""
"30382","Schmidt Jan","49","","","","079 848 92 05","0.00","","jbschmidt@bluewin.ch","","Segnesstrasse 8","8048","Zürich","","Inland","RE201702","","","Schweiz","","13.04.2017","","","",""
"","","","","","","","","","","","","","","","","","","","","","","","","",""
"42371","ScreenCountry Inc","80","","","","1-888-702-6910","0.00","","http://www.ScreenCountry.com/email/","","","3062","Beta Ave, Burnaby, BC, V5G4K4","","Inland","","","","","","04.07.2018","","","",""
"","","","","","","","","","","","","","","","","R1530698663","","","","","","","","",""
"","","","","","","","","","","","","","","","","","B1530698663","","","","","","","",""
"17727","screen-shop.net","1023","","","","+49 9342 / 93 47 000","0.00","","info@screen-shop.net","","Bismarckstr. 16","97877","Wertheim","","Inland","","","","Deutschland","","11.05.2015","","","",""
"27510","SDV Systeme","43","","","","0512120638040","0.00","","info@sdv-elektronik.de","","Wallstraße 20","31134","Hildesheim","","Inland","1GK85703BP020541H","20","","Deutschland","","21.11.2016","","","",""
"","","","","","","","","","","","","","","","","","","","","","","","","",""
"","","","","","","","","","","","","","","","","","20","","","","","","","",""
"43623","Shell","83","","","","","0.00","","","","","5436","Würenlos","","Inland","","","","Schweiz","","19.07.2018","","","",""
"43621","Shell","82","","","","","0.00","","","","","5436","Würenlos","","Inland","","","","Schweiz","","19.07.2018","","","",""
"43623","Shell","83","","","","","0.00","","","","","5436","Würenlos","","Inland","92387046284195","","","Schweiz","","19.07.2018","","","",""
"22892","SHENZHEN PKCELL BATTERY CO. LTD","1178","","","","0086-746-8331678","0.00","","pkcell@pkcell.net","","E2 Building,Guangming Technology Park,No.24 Zhonghua Road, Longhua New Area","","Shenzhen","","Inland","69088956691093","","","China","","10.02.2016","","","",""
"","","","","","","","","","","","","","","","","","","","","","","","","",""
"60481","Shop-Nr.1940031","93","aliexpress","","","","0.00","","","","shenzhen","518000","Guangdong","","Inland","8001838245841093","49","","China","","12.09.2019","","Nein","Ja",""
"","","","","","","","","","","","","","","","","","","","","","","","","",""
"","","","","","","","","","","","","","","","","","49","","","","","","","",""
"32558","Sili Gal","57","","","","","0.00","","","","Badenerstrasse 60","8952","Schlieren","","Inland","","","","","","19.09.2017","","","",""
"","","","","","","","","","","","","","","","","","33","","","","","","","",""
"","","","","","","","","","","","","","","","","","34","","","","","","","",""
"23971","Small Battery Company","34","","","","020 8871 3730","0.00","","sales@smallbattery.company.org.uk","","Cromford Road 70","SW18 INY","London","","Inland","","14","","UK","","06.04.2016","","","",""
"","","","","","","","","","","","","","","","","","","","","","","","","",""
"","","","","","","","","","","","","","","","","WPACC14915241 4400161874","","","","","","","","",""
"23895","S.O.S. Smart Office Systems GmbH","1225","Dorothea Garcia Praena","","","0049 40 41 62 76 76","0.00","","info@sos-hh.de","","Billstrasse 117","20539","Hamburg","","Inland","1439289391015","","","","","01.04.2016","","","",""
"","","","","","","","","","","","","","","","","","","","","","","","","",""
"383072","Stadtammann- und Betreibungsamt Zürich","114","","","","","0.00","","","","","","Zürich","","Inland","","","","","","29.05.2023","","Nein","Ja",""
"27303","Stauffer Max","42","","","","0041795083634","0.00","","max.stauffer@gmail.com","","Neuwiesenstrasse 5","8610","Uster","","Inland","802284273","32","","Schweiz","","14.11.2016","","","",""
"","","","","","","","","","","","","","","","","","32","","","","","","","",""
"","","","","","","","","","","","","","","","","","","","","","","","","",""
"381232","Steueramt Kanton Zürich","104","","","","","0.00","","","","","8090","Zürich","","Inland","","","","","","28.04.2023","","Nein","Ja",""
"437853","Steven Sibold","3548","","","","","0.00","","steven.sibold@proton.me","","Ekkehardstrasse 24","8006","Zürich","","Inland","","","","Schwiz","","29.08.2025","","Nein","Ja",""
"16944","STIFTUNG HOLZ UND KORB","995","","","","044 515 21 46","0.00","044 515 21 47","","","ZEUGHAUSSTR. 60","8004","ZÜRICH","","Inland","","","","CH","","07.04.2015","","","",""
"37486","Store No.1628729","71","","","","","0.00","","","","","","Guangdong","","Inland","505643384401093","","","China","","19.03.2018","","","",""
"","","","","","","","","","","","","","","","","","","","","","","","","",""
"33530","Store No.408057","61","Aliexpress","","","","0.00","","","","","","Guangdong","","Inland","","","","China","","13.11.2017","","","",""
"","","","","","","","","","","","","","","","","","504468161781093","","","","","","","",""
"","","","","","","","","","","","","","","","","504468161781093","","","","","","","","",""
"41416","Subtel GmbH","77","","","","044 5830 881","0.00","","info@subtel.ch","","Mainzer Str. 3","10247","Berlin","","Inland","","","","D","","19.06.2018","","","",""
"","","","","","","","","","","","","","","","","SCH1235339","","","","","","","","",""
"34657","S-u-p-e-r Laptop parts Store","65","Aliexpress","","","","0.00","","","","","","","","Inland","","","","","","15.01.2018","","","",""
"","","","","","","","","","","","","","","","","505244718201093","","","","","","","","",""
"","","","","","","","","","","","","","","","","","38","","","","","","","",""
"408864","Suricate Solutions","134","","","","026 508 55 92","0.00","","claude.barras@suricate.ch","","Route d'Illens 12","1728","Rossens FR","","Inland","","","4","","","23.04.2024","","Nein","Ja",""
"","","","","","","","","","","","","","","","","","","6","","","","","","",""
"","","","","","","","","","","","","","","","","","","","","","","","","",""
"","","","","","","","","","","","","","","","","","","5","","","","","","",""
"2090","SVA Zürich","010","","Ausgleichskasse","","044 448 50 00","0.00","044 448 55 55","","","Röntgenstrasse 17","8087","Zürich","","Inland","","","","","","16.09.2009","","","",""
"2082","SWICO","006","","","","044 445 38 10","0.00","044 445 38 02","","","TTechnoparkstrasse 1","8005","Zürich","","Inland","","","","","","16.09.2009","","","",""
"2273","Swisscom (Schweiz) AG, Bern","2","","Customer Care","Contact Center","","0.00","","","","","3050","Bern","","Inland","","","","","","16.02.2010","","","",""
"18773","SWISSOPENSYSTEMUSERGROUP","20","","","","","0.00","","","","","","","","Inland","","","","","","15.07.2015","","","",""
"17243","Swissparts AG","1009","","","","056 616 72 11","0.00","0848 847 465","","","Bahnhofstrasse 66","5605","Dottikon","","Inland","","WS1900159","","CH","","15.04.2015","","","",""
"","","","","","","","","","","","","","","","","","36","","","","","","","",""
"","","","","","","","","","","","","","","","","","","","","","","","","",""
"","","","","","","","","","","","","","","","","WS1802298","","","","","","","","",""
"16994","SWISS POST SOLUTIONS AG","1000","","","","044 220 80 11","0.00","","","","Pfingstweidstrasse 60B","8005","Zürich","","Inland","","","","CH","","08.04.2015","","","",""
"16036","Swiss Projector Lamps","946","","","","","0.00","","Sales@SwissProjectorLamps.ch","","Hillcrest, Stoney Lane","RG18 9HQ","Thatcham, Berkshire","","Inland","","","","Grossbritannien","","10.02.2015","","","",""
"","","","","","","","","","","","","","","","","","#2000000221","","","","","","","",""
"19562","Swiss Tonerrecycling Ltd.","1073","","","","071 695 37 70","0.00","","info@swiss-toner-recycling.ch","","Waldhof 10","8585","Langrickenbach","","Inland","","8286","","","","25.08.2015","","","",""
"","","","","","","","","","","","","","","","","","","","","","","","","",""
"17735","Switch","1024","","","","","0.00","","","","","","","","Inland","","","","","","11.05.2015","","","",""
"43612","Switchplus","81","","","","848 69 69 69","0.00","","helpdesk@switchplus.ch","","Postfach 2172","8021","Zürich","","Inland","","","","Schweiz","","19.07.2018","","","",""
"","","","","","","","","","","","","","","","","60667698","","","","","","","","",""
"18666","SZ MacShop008 Electronic Technology Co., Ltd","1033","","","","","0.00","","","","Caitian Road, Futian, Shenzhen","518000","Guangdong","","Außerhalb EU","67745533711093","9","","China","","08.07.2015","","","",""
"","","","","","","","","","","","","","","","","","9","","","","","","","",""
"","","","","","","","","","","","","","","","","","","","","","","","","",""
"36065","Tasha trade company Ltd-laptop spare parts","68","","","","","0.00","","","","","","Guangdong","","Inland","505359289361093","39","","China","","12.02.2018","","","",""
"","","","","","","","","","","","","","","","","","","","","","","","","",""
"","","","","","","","","","","","","","","","","","39","","","","","","","",""
"382176","Tauschen an Fluss","110","","","","","0.00","","","","","8037","Zürich","","Inland","","","","","","09.05.2023","","Nein","Ja",""
"31924","TDC Components GmbH","1518","","","","+49-(0)8251-8883-0","0.00","","andreas@tdcomponents.com","","Flurstr. 65","86551","Aichach","","Inland","528473","","","D","","16.08.2017","","","",""
"","","","","","","","","","","","","","","","","","","","","","","","","",""
"2086","Tech Data (Schweiz) GmbH","008","","","","041 799 10 00","0.00","041 799 10 25","","","Birkenstrasse 47","6343","Rotkreuz","","Inland","","","","","","16.09.2009","","","",""
"27779","Techmania AG","1354","","","","0800 20 20 50","0.00","","admin@techmania.ch","","Industriestr. 8","8625","Gossau / ZH","","Inland","","","","","","26.11.2016","","","",""
"","","","","","","","","","","","","","","","","","760019","","","","","","","",""
"","","","","","","","","","","","","","","","","760019","","","","","","","","",""
"18279","Tobler Electronic AG","1031","","","","044 949 22 11","0.00","044 949 22 99","tobler@tobler.ch","","Isenrietstrasse 7","8617","Mönchaltdorf","","Inland","","4","","","","09.06.2015","","","",""
"","","","","","","","","","","","","","","","","","","","","","","","","",""
"","","","","","","","","","","","","","","","","707640/174","","","","","","","","",""
"20246","TonerPartner International AG","27","","","","","0.00","","","","Wylstrasse 9A","6052","","","Inland","","13","","Schweiz","","07.10.2015","","","",""
"","","","","","","","","","","","","","","","","","TCH8587923","","","","","","","",""
"","","","","","","","","","","","","","","","","TCH426164","","","","","","","","",""
"","","","","","","","","","","","","","","","","","","","","","","","","",""
"22879","Topstar Technology Co. Ltd.","29","","","","","0.00","","","","","","","","Inland","68293506381093","","","China","","10.02.2016","","","",""
"","","","","","","","","","","","","","","","","","","","","","","","","",""
"22933","Trade Shop","1179","","","","0049 551 7079645","0.00","","info@trade-shop-online.de","","Rischenweg 25","37124","Rosdorf","","Inland","","","","","","10.02.2016","","","",""
"","","","","","","","","","","","","","","","","1578547","","","","","","","","",""
"382163","Trägerverein Reparaturzentrum Zürich","107","","","","","0.00","","","","","","Zürich","","Inland","","","","","","09.05.2023","","Nein","Ja",""
"25047","tridee777us","37","","","","","0.00","","","","","","","","Inland","1670696448017","","","","","04.07.2016","","","",""
"","","","","","","","","","","","","","","","","","","","","","","","","",""
"434286","United Domains AG","135","","","","","0.00","","","","","","","","Inland","","","","","","21.01.2025","","Nein","Ja",""
"2285","Utilis Occasions-Computer GmbH","4","","","","","0.00","","","","","","","","Inland","","","","","","16.02.2010","","","",""
"394671","VBZ","130","","","","","0.00","","","","","","Zürich","","Inland","","","","","","16.10.2023","","Nein","Ja",""
"32045","Weber & Widmer AG","1523","","","","","0.00","","","","Birmensdorferstr. 127","8003","Zürich","","Inland","","","","","","16.08.2017","","","",""
"22944","Widget Factory Limited","32","","","","0044 442081445244","0.00","","sales@widgetfactorylimited.co.uk","","Castlewood House, 77/91 New Oxford Street","WC1A 1DG","London","","Inland","","","","Grossbritannien","","11.02.2016","","","",""
"","","","","","","","","","","","","","","","","42H404334R991084J","","","","","","","","",""
"31378","www.nbkit.com","53","","","","+86 075536949249","0.00","","nbkitcom@hotmail.com","","","","","","Inland","","","","","","28.06.2017","","","",""
"2078","Wyscha Computer","004","","","","056 460 61 61","0.00","056 460 61 60","info@wyscha.ch","","Wildischachenstrasse","5200","Brugg","","Inland","","","","","","16.09.2009","","","",""
"36618","Xamtau IT","69","stauffer@live.de","","","","0.00","","","","Neuwiesenstrasse 5","8610","Uster","","Inland","Storno zu 5001","40","","Schweiz","","26.02.2018","","","",""
"","","","","","","","","","","","","","","","","","","","","","","","","",""
"","","","","","","","","","","","","","","","","","40","","","","","","","",""
"","","","","","","","","","","","","","","","","5001","","","","","","","","",""
"40533","Xim-Lisa Store","74","","Store No.2678206","","","0.00","","","","","","","","Inland","","","","China","","04.06.2018","","","",""
"","","","","","","","","","","","","","","","","506029441491093","","","","","","","","",""
"61815","XINYU TANG","94","","","","","0.00","","","","","","","","Inland","","","","","","24.10.2019","","Nein","Ja",""
"22780","XT-Tec Ltd.","28","","","","","0.00","","order@akkuskaufen.com","","Huaqiang Road, Huaqiang dasha 7110","518000","Futian, Shenzhen Guangdong","","Inland","389259","","","China","","07.02.2016","","","",""
"","","","","","","","","","","","","","","","","","","","","","","","","",""
"40830","YouPuWei technology Co.,LTD","75","","Store No.1872740","","","0.00","","","","","","","","Inland","506139999151093","","","China","","07.06.2018","","","",""
"","","","","","","","","","","","","","","","","","","","","","","","","",""
"58956","Zand Group AB","89","","","","","0.00","","order@zandparts.com","","","","","","Inland","","","","","","12.08.2019","","Nein","Ja",""
"27746","Zhang Hao","1352","","","","0769-87380081, Mobile: 08615625835646","0.00","","","","","523000","DongGuan Guan Cheng district","","Inland","","21","","China","","26.11.2016","","","",""
"","","","","","","","","","","","","","","","","1333590603014","","","","","","","","",""
"","","","","","","","","","","","","","","","","","","","","","","","","",""
"61885","Zhang Zheng Li","97","","","","","0.00","","ebay@laptopbatteriesstore.com","","","","","","Inland","","","","","","24.10.2019","","Nein","Ja",""
"29228","Zhao Yurong","45","赵玉容(cindy0898@163.com)","","","","0.00","","cindy0898@163.com","","","","","","Inland","","","","China","","10.02.2017","","","",""
"","","","","","","","","","","","","","","","","","24","","","","","","","",""
"35254","Zimmermann Viola","1613","","","","078 600 60 52","0.00","","v@viola.ch","","Badenerstr. 177","8003","Zürich","","Inland","956169416","","","","","25.01.2018","","","",""
"","","","","","","","","","","","","","","","","","","","","","","","","",""
"19503","ZVV","1070","","","","","0.00","","","","","8000","Zürich","","Inland","0225-05252-20080831","","","","","24.08.2015","","","",""
"","","","","","","","","","","","","","","","","00802370710120907, 25303212611121147","","","","","","","","",""
"","","","","","","","","","","","","","","","","02250805826100853","","","","","","","","",""
"","","","","","","","","","","","","","","","","0500 34769 08080738","","","","","","","","",""
"","","","","","","","","","","","","","","","","0106 49570 27090747","","","","","","","","",""
"","","","","","","","","","","","","","","","","0500 67658 15120838","","","","","","","","",""
"","","","","","","","","","","","","","","","","21071828,21103696","","","","","","","","",""
"","","","","","","","","","","","","","","","","285 166457 11081154","","","","","","","","",""
"","","","","","","","","","","","","","","","","295 442330 01020752","","","","","","","","",""
"","","","","","","","","","","","","","","","","319 524970 25080804","","","","","","","","",""
"","","","","","","","","","","","","","","","","","","","","","","","","",""
"388817","Zweigniederlassung Zürich","3126","","","","","0.00","","","","Pelikanplatz 15","8001","Zürich","","Inland","","","","","","22.08.2023","","Nein","Ja",""